FIP,YEAR,STATE,HFR,UNIVERSAL,PERMIT
01,1980,Alabama,0.608,FALSE,FALSE
01,1981,Alabama,0.597,FALSE,FALSE
01,1982,Alabama,0.661,FALSE,FALSE
01,1983,Alabama,0.586,FALSE,FALSE
01,1984,Alabama,0.624,FALSE,FALSE
01,1985,Alabama,0.644,FALSE,FALSE
01,1986,Alabama,0.567,FALSE,FALSE
01,1987,Alabama,0.609,FALSE,FALSE
01,1988,Alabama,0.606,FALSE,FALSE
01,1989,Alabama,0.627,FALSE,FALSE
01,1990,Alabama,0.641,FALSE,FALSE
01,1991,Alabama,0.632,FALSE,FALSE
01,1992,Alabama,0.552,FALSE,FALSE
01,1993,Alabama,0.6,FALSE,FALSE
01,1994,Alabama,0.571,FALSE,FALSE
01,1995,Alabama,0.554,FALSE,FALSE
01,1996,Alabama,0.568,FALSE,FALSE
01,1997,Alabama,0.557,FALSE,FALSE
01,1998,Alabama,0.577,FALSE,FALSE
01,1999,Alabama,0.537,FALSE,FALSE
01,2000,Alabama,0.538,FALSE,FALSE
01,2001,Alabama,0.522,FALSE,FALSE
01,2002,Alabama,0.553,FALSE,FALSE
01,2003,Alabama,0.504,FALSE,FALSE
01,2004,Alabama,0.516,FALSE,FALSE
01,2005,Alabama,0.485,FALSE,FALSE
01,2006,Alabama,0.468,FALSE,FALSE
01,2007,Alabama,0.481,FALSE,FALSE
01,2008,Alabama,0.503,FALSE,FALSE
01,2009,Alabama,0.482,FALSE,FALSE
01,2010,Alabama,0.456,FALSE,FALSE
01,2011,Alabama,0.513,FALSE,FALSE
01,2012,Alabama,0.543,FALSE,FALSE
01,2013,Alabama,0.516,FALSE,FALSE
01,2014,Alabama,0.51,FALSE,FALSE
01,2015,Alabama,0.495,FALSE,FALSE
01,2016,Alabama,0.528,FALSE,FALSE
02,1980,Alaska,0.789,FALSE,FALSE
02,1981,Alaska,0.709,FALSE,FALSE
02,1982,Alaska,0.737,FALSE,FALSE
02,1983,Alaska,0.722,FALSE,FALSE
02,1984,Alaska,0.712,FALSE,FALSE
02,1985,Alaska,0.653,FALSE,FALSE
02,1986,Alaska,0.688,FALSE,FALSE
02,1987,Alaska,0.718,FALSE,FALSE
02,1988,Alaska,0.748,FALSE,FALSE
02,1989,Alaska,0.711,FALSE,FALSE
02,1990,Alaska,0.699,FALSE,FALSE
02,1991,Alaska,0.716,FALSE,FALSE
02,1992,Alaska,0.685,FALSE,FALSE
02,1993,Alaska,0.712,FALSE,FALSE
02,1994,Alaska,0.667,FALSE,FALSE
02,1995,Alaska,0.709,FALSE,FALSE
02,1996,Alaska,0.663,FALSE,FALSE
02,1997,Alaska,0.652,FALSE,FALSE
02,1998,Alaska,0.559,FALSE,FALSE
02,1999,Alaska,0.571,FALSE,FALSE
02,2000,Alaska,0.601,FALSE,FALSE
02,2001,Alaska,0.61,FALSE,FALSE
02,2002,Alaska,0.614,FALSE,FALSE
02,2003,Alaska,0.587,FALSE,FALSE
02,2004,Alaska,0.58,FALSE,FALSE
02,2005,Alaska,0.609,FALSE,FALSE
02,2006,Alaska,0.551,FALSE,FALSE
02,2007,Alaska,0.577,FALSE,FALSE
02,2008,Alaska,0.613,FALSE,FALSE
02,2009,Alaska,0.543,FALSE,FALSE
02,2010,Alaska,0.611,FALSE,FALSE
02,2011,Alaska,0.627,FALSE,FALSE
02,2012,Alaska,0.607,FALSE,FALSE
02,2013,Alaska,0.576,FALSE,FALSE
02,2014,Alaska,0.618,FALSE,FALSE
02,2015,Alaska,0.551,FALSE,FALSE
02,2016,Alaska,0.572,FALSE,FALSE
04,1980,Arizona,0.563,FALSE,FALSE
04,1981,Arizona,0.598,FALSE,FALSE
04,1982,Arizona,0.541,FALSE,FALSE
04,1983,Arizona,0.554,FALSE,FALSE
04,1984,Arizona,0.567,FALSE,FALSE
04,1985,Arizona,0.538,FALSE,FALSE
04,1986,Arizona,0.549,FALSE,FALSE
04,1987,Arizona,0.564,FALSE,FALSE
04,1988,Arizona,0.557,FALSE,FALSE
04,1989,Arizona,0.624,FALSE,FALSE
04,1990,Arizona,0.598,FALSE,FALSE
04,1991,Arizona,0.564,FALSE,FALSE
04,1992,Arizona,0.547,FALSE,FALSE
04,1993,Arizona,0.53,FALSE,FALSE
04,1994,Arizona,0.505,FALSE,FALSE
04,1995,Arizona,0.532,FALSE,FALSE
04,1996,Arizona,0.449,FALSE,FALSE
04,1997,Arizona,0.465,FALSE,FALSE
04,1998,Arizona,0.467,FALSE,FALSE
04,1999,Arizona,0.409,FALSE,FALSE
04,2000,Arizona,0.427,FALSE,FALSE
04,2001,Arizona,0.35,FALSE,FALSE
04,2002,Arizona,0.381,FALSE,FALSE
04,2003,Arizona,0.393,FALSE,FALSE
04,2004,Arizona,0.368,FALSE,FALSE
04,2005,Arizona,0.373,FALSE,FALSE
04,2006,Arizona,0.385,FALSE,FALSE
04,2007,Arizona,0.38,FALSE,FALSE
04,2008,Arizona,0.382,FALSE,FALSE
04,2009,Arizona,0.396,FALSE,FALSE
04,2010,Arizona,0.346,FALSE,FALSE
04,2011,Arizona,0.329,FALSE,FALSE
04,2012,Arizona,0.415,FALSE,FALSE
04,2013,Arizona,0.366,FALSE,FALSE
04,2014,Arizona,0.385,FALSE,FALSE
04,2015,Arizona,0.36,FALSE,FALSE
04,2016,Arizona,0.36,FALSE,FALSE
05,1980,Arkansas,0.693,FALSE,FALSE
05,1981,Arkansas,0.639,FALSE,FALSE
05,1982,Arkansas,0.674,FALSE,FALSE
05,1983,Arkansas,0.63,FALSE,FALSE
05,1984,Arkansas,0.694,FALSE,FALSE
05,1985,Arkansas,0.656,FALSE,FALSE
05,1986,Arkansas,0.596,FALSE,FALSE
05,1987,Arkansas,0.657,FALSE,FALSE
05,1988,Arkansas,0.643,FALSE,FALSE
05,1989,Arkansas,0.636,FALSE,FALSE
05,1990,Arkansas,0.647,FALSE,FALSE
05,1991,Arkansas,0.639,FALSE,FALSE
05,1992,Arkansas,0.533,FALSE,FALSE
05,1993,Arkansas,0.644,FALSE,FALSE
05,1994,Arkansas,0.601,FALSE,FALSE
05,1995,Arkansas,0.583,FALSE,FALSE
05,1996,Arkansas,0.58,FALSE,FALSE
05,1997,Arkansas,0.562,FALSE,FALSE
05,1998,Arkansas,0.571,FALSE,FALSE
05,1999,Arkansas,0.555,FALSE,FALSE
05,2000,Arkansas,0.542,FALSE,FALSE
05,2001,Arkansas,0.537,FALSE,FALSE
05,2002,Arkansas,0.56,FALSE,FALSE
05,2003,Arkansas,0.516,FALSE,FALSE
05,2004,Arkansas,0.544,FALSE,FALSE
05,2005,Arkansas,0.499,FALSE,FALSE
05,2006,Arkansas,0.481,FALSE,FALSE
05,2007,Arkansas,0.507,FALSE,FALSE
05,2008,Arkansas,0.508,FALSE,FALSE
05,2009,Arkansas,0.493,FALSE,FALSE
05,2010,Arkansas,0.493,FALSE,FALSE
05,2011,Arkansas,0.527,FALSE,FALSE
05,2012,Arkansas,0.544,FALSE,FALSE
05,2013,Arkansas,0.5,FALSE,FALSE
05,2014,Arkansas,0.493,FALSE,FALSE
05,2015,Arkansas,0.462,FALSE,FALSE
05,2016,Arkansas,0.518,FALSE,FALSE
06,1980,California,0.366,FALSE,FALSE
06,1981,California,0.421,FALSE,FALSE
06,1982,California,0.414,FALSE,FALSE
06,1983,California,0.38,FALSE,FALSE
06,1984,California,0.405,FALSE,FALSE
06,1985,California,0.354,FALSE,FALSE
06,1986,California,0.367,FALSE,FALSE
06,1987,California,0.376,FALSE,FALSE
06,1988,California,0.396,FALSE,FALSE
06,1989,California,0.417,FALSE,FALSE
06,1990,California,0.379,FALSE,FALSE
06,1991,California,0.368,FALSE,FALSE
06,1992,California,0.402,TRUE,FALSE
06,1993,California,0.386,TRUE,FALSE
06,1994,California,0.31,TRUE,TRUE
06,1995,California,0.337,TRUE,TRUE
06,1996,California,0.291,TRUE,TRUE
06,1997,California,0.3,TRUE,TRUE
06,1998,California,0.241,TRUE,TRUE
06,1999,California,0.271,TRUE,TRUE
06,2000,California,0.274,TRUE,TRUE
06,2001,California,0.229,TRUE,TRUE
06,2002,California,0.228,TRUE,TRUE
06,2003,California,0.198,TRUE,TRUE
06,2004,California,0.203,TRUE,TRUE
06,2005,California,0.209,TRUE,TRUE
06,2006,California,0.202,TRUE,TRUE
06,2007,California,0.185,TRUE,TRUE
06,2008,California,0.175,TRUE,TRUE
06,2009,California,0.196,TRUE,TRUE
06,2010,California,0.174,TRUE,TRUE
06,2011,California,0.16,TRUE,TRUE
06,2012,California,0.214,TRUE,TRUE
06,2013,California,0.155,TRUE,TRUE
06,2014,California,0.183,TRUE,TRUE
06,2015,California,0.151,TRUE,TRUE
06,2016,California,0.163,TRUE,TRUE
08,1980,Colorado,0.54,TRUE,TRUE
08,1981,Colorado,0.525,FALSE,FALSE
08,1982,Colorado,0.574,FALSE,FALSE
08,1983,Colorado,0.49,FALSE,FALSE
08,1984,Colorado,0.593,FALSE,FALSE
08,1985,Colorado,0.517,FALSE,FALSE
08,1986,Colorado,0.495,FALSE,FALSE
08,1987,Colorado,0.528,FALSE,FALSE
08,1988,Colorado,0.527,FALSE,FALSE
08,1989,Colorado,0.54,FALSE,FALSE
08,1990,Colorado,0.535,FALSE,FALSE
08,1991,Colorado,0.519,FALSE,FALSE
08,1992,Colorado,0.483,FALSE,FALSE
08,1993,Colorado,0.48,FALSE,FALSE
08,1994,Colorado,0.49,FALSE,FALSE
08,1995,Colorado,0.445,FALSE,FALSE
08,1996,Colorado,0.465,FALSE,FALSE
08,1997,Colorado,0.445,FALSE,FALSE
08,1998,Colorado,0.409,FALSE,FALSE
08,1999,Colorado,0.43,FALSE,FALSE
08,2000,Colorado,0.467,FALSE,FALSE
08,2001,Colorado,0.371,FALSE,FALSE
08,2002,Colorado,0.363,FALSE,FALSE
08,2003,Colorado,0.373,FALSE,FALSE
08,2004,Colorado,0.411,FALSE,FALSE
08,2005,Colorado,0.378,FALSE,FALSE
08,2006,Colorado,0.399,FALSE,FALSE
08,2007,Colorado,0.404,FALSE,FALSE
08,2008,Colorado,0.402,FALSE,FALSE
08,2009,Colorado,0.411,FALSE,FALSE
08,2010,Colorado,0.384,FALSE,FALSE
08,2011,Colorado,0.36,FALSE,FALSE
08,2012,Colorado,0.414,FALSE,FALSE
08,2013,Colorado,0.394,FALSE,FALSE
08,2014,Colorado,0.385,TRUE,FALSE
08,2015,Colorado,0.369,TRUE,FALSE
08,2016,Colorado,0.379,TRUE,FALSE
09,1980,Connecticut,0.256,TRUE,FALSE
09,1981,Connecticut,0.298,FALSE,FALSE
09,1982,Connecticut,0.315,FALSE,FALSE
09,1983,Connecticut,0.3,FALSE,FALSE
09,1984,Connecticut,0.295,FALSE,FALSE
09,1985,Connecticut,0.254,FALSE,FALSE
09,1986,Connecticut,0.284,FALSE,FALSE
09,1987,Connecticut,0.3,FALSE,FALSE
09,1988,Connecticut,0.261,FALSE,FALSE
09,1989,Connecticut,0.318,FALSE,FALSE
09,1990,Connecticut,0.315,FALSE,FALSE
09,1991,Connecticut,0.322,FALSE,FALSE
09,1992,Connecticut,0.375,FALSE,FALSE
09,1993,Connecticut,0.309,FALSE,FALSE
09,1994,Connecticut,0.316,FALSE,FALSE
09,1995,Connecticut,0.293,FALSE,FALSE
09,1996,Connecticut,0.238,TRUE,TRUE
09,1997,Connecticut,0.228,TRUE,TRUE
09,1998,Connecticut,0.219,TRUE,TRUE
09,1999,Connecticut,0.198,TRUE,TRUE
09,2000,Connecticut,0.202,TRUE,TRUE
09,2001,Connecticut,0.189,TRUE,TRUE
09,2002,Connecticut,0.193,TRUE,TRUE
09,2003,Connecticut,0.179,TRUE,TRUE
09,2004,Connecticut,0.166,TRUE,TRUE
09,2005,Connecticut,0.202,TRUE,TRUE
09,2006,Connecticut,0.174,TRUE,TRUE
09,2007,Connecticut,0.116,TRUE,TRUE
09,2008,Connecticut,0.192,TRUE,TRUE
09,2009,Connecticut,0.185,TRUE,TRUE
09,2010,Connecticut,0.172,TRUE,TRUE
09,2011,Connecticut,0.163,TRUE,TRUE
09,2012,Connecticut,0.183,TRUE,TRUE
09,2013,Connecticut,0.141,TRUE,TRUE
09,2014,Connecticut,0.2,TRUE,TRUE
09,2015,Connecticut,0.192,TRUE,TRUE
09,2016,Connecticut,0.188,TRUE,TRUE
10,1980,Delaware,0.345,TRUE,TRUE
10,1981,Delaware,0.396,FALSE,FALSE
10,1982,Delaware,0.385,FALSE,FALSE
10,1983,Delaware,0.294,FALSE,FALSE
10,1984,Delaware,0.344,FALSE,FALSE
10,1985,Delaware,0.331,FALSE,FALSE
10,1986,Delaware,0.415,FALSE,FALSE
10,1987,Delaware,0.4,FALSE,FALSE
10,1988,Delaware,0.431,FALSE,FALSE
10,1989,Delaware,0.483,FALSE,FALSE
10,1990,Delaware,0.398,FALSE,FALSE
10,1991,Delaware,0.385,FALSE,FALSE
10,1992,Delaware,0.378,FALSE,FALSE
10,1993,Delaware,0.397,FALSE,FALSE
10,1994,Delaware,0.441,FALSE,FALSE
10,1995,Delaware,0.353,FALSE,FALSE
10,1996,Delaware,0.392,FALSE,FALSE
10,1997,Delaware,0.326,FALSE,FALSE
10,1998,Delaware,0.326,FALSE,FALSE
10,1999,Delaware,0.319,FALSE,FALSE
10,2000,Delaware,0.352,FALSE,FALSE
10,2001,Delaware,0.3,FALSE,FALSE
10,2002,Delaware,0.317,FALSE,FALSE
10,2003,Delaware,0.304,FALSE,FALSE
10,2004,Delaware,0.331,FALSE,FALSE
10,2005,Delaware,0.3,FALSE,FALSE
10,2006,Delaware,0.303,FALSE,FALSE
10,2007,Delaware,0.262,FALSE,FALSE
10,2008,Delaware,0.263,FALSE,FALSE
10,2009,Delaware,0.265,FALSE,FALSE
10,2010,Delaware,0.269,FALSE,FALSE
10,2011,Delaware,0.309,FALSE,FALSE
10,2012,Delaware,0.308,FALSE,FALSE
10,2013,Delaware,0.289,FALSE,FALSE
10,2014,Delaware,0.301,TRUE,FALSE
10,2015,Delaware,0.32,TRUE,FALSE
10,2016,Delaware,0.387,TRUE,FALSE
12,1980,Florida,0.437,TRUE,FALSE
12,1981,Florida,0.467,FALSE,FALSE
12,1982,Florida,0.423,FALSE,FALSE
12,1983,Florida,0.468,FALSE,FALSE
12,1984,Florida,0.44,FALSE,FALSE
12,1985,Florida,0.418,FALSE,FALSE
12,1986,Florida,0.414,FALSE,FALSE
12,1987,Florida,0.426,FALSE,FALSE
12,1988,Florida,0.397,FALSE,FALSE
12,1989,Florida,0.461,FALSE,FALSE
12,1990,Florida,0.411,FALSE,FALSE
12,1991,Florida,0.459,FALSE,FALSE
12,1992,Florida,0.426,FALSE,FALSE
12,1993,Florida,0.429,FALSE,FALSE
12,1994,Florida,0.383,FALSE,FALSE
12,1995,Florida,0.419,FALSE,FALSE
12,1996,Florida,0.364,FALSE,FALSE
12,1997,Florida,0.366,FALSE,FALSE
12,1998,Florida,0.319,FALSE,FALSE
12,1999,Florida,0.33,FALSE,FALSE
12,2000,Florida,0.32,FALSE,FALSE
12,2001,Florida,0.268,FALSE,FALSE
12,2002,Florida,0.277,FALSE,FALSE
12,2003,Florida,0.266,FALSE,FALSE
12,2004,Florida,0.234,FALSE,FALSE
12,2005,Florida,0.295,FALSE,FALSE
12,2006,Florida,0.282,FALSE,FALSE
12,2007,Florida,0.261,FALSE,FALSE
12,2008,Florida,0.303,FALSE,FALSE
12,2009,Florida,0.281,FALSE,FALSE
12,2010,Florida,0.27,FALSE,FALSE
12,2011,Florida,0.325,FALSE,FALSE
12,2012,Florida,0.309,FALSE,FALSE
12,2013,Florida,0.279,FALSE,FALSE
12,2014,Florida,0.284,FALSE,FALSE
12,2015,Florida,0.277,FALSE,FALSE
12,2016,Florida,0.288,FALSE,FALSE
13,1980,Georgia,0.609,FALSE,FALSE
13,1981,Georgia,0.617,FALSE,FALSE
13,1982,Georgia,0.615,FALSE,FALSE
13,1983,Georgia,0.596,FALSE,FALSE
13,1984,Georgia,0.603,FALSE,FALSE
13,1985,Georgia,0.578,FALSE,FALSE
13,1986,Georgia,0.55,FALSE,FALSE
13,1987,Georgia,0.61,FALSE,FALSE
13,1988,Georgia,0.583,FALSE,FALSE
13,1989,Georgia,0.594,FALSE,FALSE
13,1990,Georgia,0.574,FALSE,FALSE
13,1991,Georgia,0.574,FALSE,FALSE
13,1992,Georgia,0.569,FALSE,FALSE
13,1993,Georgia,0.566,FALSE,FALSE
13,1994,Georgia,0.525,FALSE,FALSE
13,1995,Georgia,0.548,FALSE,FALSE
13,1996,Georgia,0.52,FALSE,FALSE
13,1997,Georgia,0.499,FALSE,FALSE
13,1998,Georgia,0.507,FALSE,FALSE
13,1999,Georgia,0.488,FALSE,FALSE
13,2000,Georgia,0.467,FALSE,FALSE
13,2001,Georgia,0.427,FALSE,FALSE
13,2002,Georgia,0.442,FALSE,FALSE
13,2003,Georgia,0.396,FALSE,FALSE
13,2004,Georgia,0.43,FALSE,FALSE
13,2005,Georgia,0.416,FALSE,FALSE
13,2006,Georgia,0.395,FALSE,FALSE
13,2007,Georgia,0.388,FALSE,FALSE
13,2008,Georgia,0.395,FALSE,FALSE
13,2009,Georgia,0.453,FALSE,FALSE
13,2010,Georgia,0.364,FALSE,FALSE
13,2011,Georgia,0.421,FALSE,FALSE
13,2012,Georgia,0.401,FALSE,FALSE
13,2013,Georgia,0.379,FALSE,FALSE
13,2014,Georgia,0.382,FALSE,FALSE
13,2015,Georgia,0.361,FALSE,FALSE
13,2016,Georgia,0.377,FALSE,FALSE
15,1980,Hawaii,0.266,FALSE,FALSE
15,1981,Hawaii,0.241,TRUE,TRUE
15,1982,Hawaii,0.159,TRUE,TRUE
15,1983,Hawaii,0.195,TRUE,TRUE
15,1984,Hawaii,0.202,TRUE,TRUE
15,1985,Hawaii,0.217,TRUE,TRUE
15,1986,Hawaii,0.219,TRUE,TRUE
15,1987,Hawaii,0.23,TRUE,TRUE
15,1988,Hawaii,0.184,TRUE,TRUE
15,1989,Hawaii,0.233,TRUE,TRUE
15,1990,Hawaii,0.186,TRUE,TRUE
15,1991,Hawaii,0.211,TRUE,TRUE
15,1992,Hawaii,0.192,TRUE,TRUE
15,1993,Hawaii,0.188,TRUE,TRUE
15,1994,Hawaii,0.254,TRUE,TRUE
15,1995,Hawaii,0.227,TRUE,TRUE
15,1996,Hawaii,0.146,TRUE,TRUE
15,1997,Hawaii,0.176,TRUE,TRUE
15,1998,Hawaii,0.124,TRUE,TRUE
15,1999,Hawaii,0.075,TRUE,TRUE
15,2000,Hawaii,0.124,TRUE,TRUE
15,2001,Hawaii,0.103,TRUE,TRUE
15,2002,Hawaii,0.098,TRUE,TRUE
15,2003,Hawaii,0.063,TRUE,TRUE
15,2004,Hawaii,0.2,TRUE,TRUE
15,2005,Hawaii,0.072,TRUE,TRUE
15,2006,Hawaii,0.116,TRUE,TRUE
15,2007,Hawaii,0.064,TRUE,TRUE
15,2008,Hawaii,0.099,TRUE,TRUE
15,2009,Hawaii,0.062,TRUE,TRUE
15,2010,Hawaii,0.084,TRUE,TRUE
15,2011,Hawaii,0.081,TRUE,TRUE
15,2012,Hawaii,0.12,TRUE,TRUE
15,2013,Hawaii,0.073,TRUE,TRUE
15,2014,Hawaii,0.034,TRUE,TRUE
15,2015,Hawaii,0.096,TRUE,TRUE
15,2016,Hawaii,0.091,TRUE,TRUE
16,1980,Idaho,0.659,TRUE,TRUE
16,1981,Idaho,0.675,FALSE,FALSE
16,1982,Idaho,0.685,FALSE,FALSE
16,1983,Idaho,0.67,FALSE,FALSE
16,1984,Idaho,0.579,FALSE,FALSE
16,1985,Idaho,0.666,FALSE,FALSE
16,1986,Idaho,0.625,FALSE,FALSE
16,1987,Idaho,0.649,FALSE,FALSE
16,1988,Idaho,0.691,FALSE,FALSE
16,1989,Idaho,0.663,FALSE,FALSE
16,1990,Idaho,0.664,FALSE,FALSE
16,1991,Idaho,0.669,FALSE,FALSE
16,1992,Idaho,0.666,FALSE,FALSE
16,1993,Idaho,0.676,FALSE,FALSE
16,1994,Idaho,0.617,FALSE,FALSE
16,1995,Idaho,0.663,FALSE,FALSE
16,1996,Idaho,0.601,FALSE,FALSE
16,1997,Idaho,0.586,FALSE,FALSE
16,1998,Idaho,0.622,FALSE,FALSE
16,1999,Idaho,0.583,FALSE,FALSE
16,2000,Idaho,0.609,FALSE,FALSE
16,2001,Idaho,0.573,FALSE,FALSE
16,2002,Idaho,0.576,FALSE,FALSE
16,2003,Idaho,0.51,FALSE,FALSE
16,2004,Idaho,0.557,FALSE,FALSE
16,2005,Idaho,0.589,FALSE,FALSE
16,2006,Idaho,0.554,FALSE,FALSE
16,2007,Idaho,0.561,FALSE,FALSE
16,2008,Idaho,0.543,FALSE,FALSE
16,2009,Idaho,0.541,FALSE,FALSE
16,2010,Idaho,0.523,FALSE,FALSE
16,2011,Idaho,0.466,FALSE,FALSE
16,2012,Idaho,0.552,FALSE,FALSE
16,2013,Idaho,0.542,FALSE,FALSE
16,2014,Idaho,0.53,FALSE,FALSE
16,2015,Idaho,0.509,FALSE,FALSE
16,2016,Idaho,0.578,FALSE,FALSE
17,1980,Illinois,0.312,FALSE,FALSE
17,1981,Illinois,0.307,FALSE,TRUE
17,1982,Illinois,0.295,FALSE,TRUE
17,1983,Illinois,0.305,FALSE,TRUE
17,1984,Illinois,0.301,FALSE,TRUE
17,1985,Illinois,0.334,FALSE,TRUE
17,1986,Illinois,0.287,FALSE,TRUE
17,1987,Illinois,0.309,FALSE,TRUE
17,1988,Illinois,0.339,FALSE,TRUE
17,1989,Illinois,0.37,FALSE,TRUE
17,1990,Illinois,0.36,FALSE,TRUE
17,1991,Illinois,0.336,FALSE,TRUE
17,1992,Illinois,0.324,FALSE,TRUE
17,1993,Illinois,0.308,FALSE,TRUE
17,1994,Illinois,0.324,FALSE,TRUE
17,1995,Illinois,0.327,FALSE,TRUE
17,1996,Illinois,0.288,FALSE,TRUE
17,1997,Illinois,0.297,FALSE,TRUE
17,1998,Illinois,0.269,FALSE,TRUE
17,1999,Illinois,0.279,FALSE,TRUE
17,2000,Illinois,0.286,FALSE,TRUE
17,2001,Illinois,0.218,FALSE,TRUE
17,2002,Illinois,0.232,FALSE,TRUE
17,2003,Illinois,0.218,FALSE,TRUE
17,2004,Illinois,0.226,FALSE,TRUE
17,2005,Illinois,0.23,FALSE,TRUE
17,2006,Illinois,0.245,FALSE,TRUE
17,2007,Illinois,0.225,FALSE,TRUE
17,2008,Illinois,0.205,FALSE,TRUE
17,2009,Illinois,0.243,FALSE,TRUE
17,2010,Illinois,0.243,FALSE,TRUE
17,2011,Illinois,0.243,FALSE,TRUE
17,2012,Illinois,0.266,FALSE,TRUE
17,2013,Illinois,0.244,FALSE,TRUE
17,2014,Illinois,0.238,FALSE,TRUE
17,2015,Illinois,0.238,FALSE,TRUE
17,2016,Illinois,0.226,FALSE,TRUE
18,1980,Indiana,0.541,FALSE,TRUE
18,1981,Indiana,0.484,FALSE,FALSE
18,1982,Indiana,0.515,FALSE,FALSE
18,1983,Indiana,0.49,FALSE,FALSE
18,1984,Indiana,0.509,FALSE,FALSE
18,1985,Indiana,0.494,FALSE,FALSE
18,1986,Indiana,0.449,FALSE,FALSE
18,1987,Indiana,0.507,FALSE,FALSE
18,1988,Indiana,0.531,FALSE,FALSE
18,1989,Indiana,0.505,FALSE,FALSE
18,1990,Indiana,0.527,FALSE,FALSE
18,1991,Indiana,0.533,FALSE,FALSE
18,1992,Indiana,0.505,FALSE,FALSE
18,1993,Indiana,0.517,FALSE,FALSE
18,1994,Indiana,0.505,FALSE,FALSE
18,1995,Indiana,0.5,FALSE,FALSE
18,1996,Indiana,0.479,FALSE,FALSE
18,1997,Indiana,0.413,FALSE,FALSE
18,1998,Indiana,0.467,FALSE,FALSE
18,1999,Indiana,0.405,FALSE,FALSE
18,2000,Indiana,0.444,FALSE,FALSE
18,2001,Indiana,0.387,FALSE,FALSE
18,2002,Indiana,0.408,FALSE,FALSE
18,2003,Indiana,0.364,FALSE,FALSE
18,2004,Indiana,0.391,FALSE,FALSE
18,2005,Indiana,0.37,FALSE,FALSE
18,2006,Indiana,0.386,FALSE,FALSE
18,2007,Indiana,0.358,FALSE,FALSE
18,2008,Indiana,0.374,FALSE,FALSE
18,2009,Indiana,0.4,FALSE,FALSE
18,2010,Indiana,0.391,FALSE,FALSE
18,2011,Indiana,0.351,FALSE,FALSE
18,2012,Indiana,0.432,FALSE,FALSE
18,2013,Indiana,0.406,FALSE,FALSE
18,2014,Indiana,0.424,FALSE,FALSE
18,2015,Indiana,0.394,FALSE,FALSE
18,2016,Indiana,0.424,FALSE,FALSE
19,1980,Iowa,0.552,FALSE,FALSE
19,1981,Iowa,0.524,FALSE,FALSE
19,1982,Iowa,0.53,FALSE,FALSE
19,1983,Iowa,0.437,FALSE,FALSE
19,1984,Iowa,0.512,FALSE,FALSE
19,1985,Iowa,0.546,FALSE,FALSE
19,1986,Iowa,0.48,FALSE,FALSE
19,1987,Iowa,0.47,FALSE,FALSE
19,1988,Iowa,0.513,FALSE,FALSE
19,1989,Iowa,0.515,FALSE,FALSE
19,1990,Iowa,0.51,FALSE,FALSE
19,1991,Iowa,0.5,TRUE,TRUE
19,1992,Iowa,0.463,TRUE,TRUE
19,1993,Iowa,0.462,TRUE,TRUE
19,1994,Iowa,0.397,TRUE,TRUE
19,1995,Iowa,0.397,TRUE,TRUE
19,1996,Iowa,0.451,TRUE,TRUE
19,1997,Iowa,0.437,TRUE,TRUE
19,1998,Iowa,0.347,TRUE,TRUE
19,1999,Iowa,0.397,TRUE,TRUE
19,2000,Iowa,0.477,TRUE,TRUE
19,2001,Iowa,0.398,TRUE,TRUE
19,2002,Iowa,0.417,TRUE,TRUE
19,2003,Iowa,0.389,TRUE,TRUE
19,2004,Iowa,0.423,TRUE,TRUE
19,2005,Iowa,0.359,TRUE,TRUE
19,2006,Iowa,0.375,TRUE,TRUE
19,2007,Iowa,0.388,TRUE,TRUE
19,2008,Iowa,0.396,TRUE,TRUE
19,2009,Iowa,0.387,TRUE,TRUE
19,2010,Iowa,0.411,TRUE,TRUE
19,2011,Iowa,0.376,TRUE,TRUE
19,2012,Iowa,0.409,TRUE,TRUE
19,2013,Iowa,0.401,TRUE,TRUE
19,2014,Iowa,0.331,TRUE,TRUE
19,2015,Iowa,0.36,TRUE,TRUE
19,2016,Iowa,0.385,TRUE,TRUE
20,1980,Kansas,0.592,TRUE,TRUE
20,1981,Kansas,0.545,FALSE,FALSE
20,1982,Kansas,0.623,FALSE,FALSE
20,1983,Kansas,0.57,FALSE,FALSE
20,1984,Kansas,0.573,FALSE,FALSE
20,1985,Kansas,0.549,FALSE,FALSE
20,1986,Kansas,0.533,FALSE,FALSE
20,1987,Kansas,0.578,FALSE,FALSE
20,1988,Kansas,0.567,FALSE,FALSE
20,1989,Kansas,0.569,FALSE,FALSE
20,1990,Kansas,0.585,FALSE,FALSE
20,1991,Kansas,0.577,FALSE,FALSE
20,1992,Kansas,0.539,FALSE,FALSE
20,1993,Kansas,0.528,FALSE,FALSE
20,1994,Kansas,0.527,FALSE,FALSE
20,1995,Kansas,0.513,FALSE,FALSE
20,1996,Kansas,0.505,FALSE,FALSE
20,1997,Kansas,0.434,FALSE,FALSE
20,1998,Kansas,0.464,FALSE,FALSE
20,1999,Kansas,0.433,FALSE,FALSE
20,2000,Kansas,0.469,FALSE,FALSE
20,2001,Kansas,0.417,FALSE,FALSE
20,2002,Kansas,0.418,FALSE,FALSE
20,2003,Kansas,0.437,FALSE,FALSE
20,2004,Kansas,0.428,FALSE,FALSE
20,2005,Kansas,0.392,FALSE,FALSE
20,2006,Kansas,0.426,FALSE,FALSE
20,2007,Kansas,0.447,FALSE,FALSE
20,2008,Kansas,0.421,FALSE,FALSE
20,2009,Kansas,0.43,FALSE,FALSE
20,2010,Kansas,0.439,FALSE,FALSE
20,2011,Kansas,0.444,FALSE,FALSE
20,2012,Kansas,0.455,FALSE,FALSE
20,2013,Kansas,0.452,FALSE,FALSE
20,2014,Kansas,0.419,FALSE,FALSE
20,2015,Kansas,0.377,FALSE,FALSE
20,2016,Kansas,0.423,FALSE,FALSE
21,1980,Kentucky,0.54,FALSE,FALSE
21,1981,Kentucky,0.592,FALSE,FALSE
21,1982,Kentucky,0.592,FALSE,FALSE
21,1983,Kentucky,0.571,FALSE,FALSE
21,1984,Kentucky,0.626,FALSE,FALSE
21,1985,Kentucky,0.61,FALSE,FALSE
21,1986,Kentucky,0.57,FALSE,FALSE
21,1987,Kentucky,0.581,FALSE,FALSE
21,1988,Kentucky,0.621,FALSE,FALSE
21,1989,Kentucky,0.595,FALSE,FALSE
21,1990,Kentucky,0.599,FALSE,FALSE
21,1991,Kentucky,0.595,FALSE,FALSE
21,1992,Kentucky,0.576,FALSE,FALSE
21,1993,Kentucky,0.611,FALSE,FALSE
21,1994,Kentucky,0.584,FALSE,FALSE
21,1995,Kentucky,0.549,FALSE,FALSE
21,1996,Kentucky,0.551,FALSE,FALSE
21,1997,Kentucky,0.553,FALSE,FALSE
21,1998,Kentucky,0.585,FALSE,FALSE
21,1999,Kentucky,0.54,FALSE,FALSE
21,2000,Kentucky,0.553,FALSE,FALSE
21,2001,Kentucky,0.522,FALSE,FALSE
21,2002,Kentucky,0.52,FALSE,FALSE
21,2003,Kentucky,0.507,FALSE,FALSE
21,2004,Kentucky,0.52,FALSE,FALSE
21,2005,Kentucky,0.502,FALSE,FALSE
21,2006,Kentucky,0.476,FALSE,FALSE
21,2007,Kentucky,0.509,FALSE,FALSE
21,2008,Kentucky,0.499,FALSE,FALSE
21,2009,Kentucky,0.491,FALSE,FALSE
21,2010,Kentucky,0.464,FALSE,FALSE
21,2011,Kentucky,0.529,FALSE,FALSE
21,2012,Kentucky,0.514,FALSE,FALSE
21,2013,Kentucky,0.498,FALSE,FALSE
21,2014,Kentucky,0.467,FALSE,FALSE
21,2015,Kentucky,0.464,FALSE,FALSE
21,2016,Kentucky,0.525,FALSE,FALSE
22,1980,Louisiana,0.569,FALSE,FALSE
22,1981,Louisiana,0.62,FALSE,FALSE
22,1982,Louisiana,0.574,FALSE,FALSE
22,1983,Louisiana,0.603,FALSE,FALSE
22,1984,Louisiana,0.57,FALSE,FALSE
22,1985,Louisiana,0.596,FALSE,FALSE
22,1986,Louisiana,0.579,FALSE,FALSE
22,1987,Louisiana,0.603,FALSE,FALSE
22,1988,Louisiana,0.593,FALSE,FALSE
22,1989,Louisiana,0.58,FALSE,FALSE
22,1990,Louisiana,0.617,FALSE,FALSE
22,1991,Louisiana,0.649,FALSE,FALSE
22,1992,Louisiana,0.565,FALSE,FALSE
22,1993,Louisiana,0.582,FALSE,FALSE
22,1994,Louisiana,0.575,FALSE,FALSE
22,1995,Louisiana,0.564,FALSE,FALSE
22,1996,Louisiana,0.468,FALSE,FALSE
22,1997,Louisiana,0.547,FALSE,FALSE
22,1998,Louisiana,0.477,FALSE,FALSE
22,1999,Louisiana,0.513,FALSE,FALSE
22,2000,Louisiana,0.505,FALSE,FALSE
22,2001,Louisiana,0.45,FALSE,FALSE
22,2002,Louisiana,0.485,FALSE,FALSE
22,2003,Louisiana,0.476,FALSE,FALSE
22,2004,Louisiana,0.491,FALSE,FALSE
22,2005,Louisiana,0.486,FALSE,FALSE
22,2006,Louisiana,0.483,FALSE,FALSE
22,2007,Louisiana,0.476,FALSE,FALSE
22,2008,Louisiana,0.492,FALSE,FALSE
22,2009,Louisiana,0.458,FALSE,FALSE
22,2010,Louisiana,0.454,FALSE,FALSE
22,2011,Louisiana,0.467,FALSE,FALSE
22,2012,Louisiana,0.551,FALSE,FALSE
22,2013,Louisiana,0.487,FALSE,FALSE
22,2014,Louisiana,0.481,FALSE,FALSE
22,2015,Louisiana,0.456,FALSE,FALSE
22,2016,Louisiana,0.523,FALSE,FALSE
23,1980,Maine,0.47,FALSE,FALSE
23,1981,Maine,0.493,FALSE,FALSE
23,1982,Maine,0.453,FALSE,FALSE
23,1983,Maine,0.454,FALSE,FALSE
23,1984,Maine,0.498,FALSE,FALSE
23,1985,Maine,0.484,FALSE,FALSE
23,1986,Maine,0.496,FALSE,FALSE
23,1987,Maine,0.482,FALSE,FALSE
23,1988,Maine,0.562,FALSE,FALSE
23,1989,Maine,0.549,FALSE,FALSE
23,1990,Maine,0.539,FALSE,FALSE
23,1991,Maine,0.555,FALSE,FALSE
23,1992,Maine,0.539,FALSE,FALSE
23,1993,Maine,0.504,FALSE,FALSE
23,1994,Maine,0.476,FALSE,FALSE
23,1995,Maine,0.455,FALSE,FALSE
23,1996,Maine,0.478,FALSE,FALSE
23,1997,Maine,0.453,FALSE,FALSE
23,1998,Maine,0.421,FALSE,FALSE
23,1999,Maine,0.441,FALSE,FALSE
23,2000,Maine,0.466,FALSE,FALSE
23,2001,Maine,0.403,FALSE,FALSE
23,2002,Maine,0.41,FALSE,FALSE
23,2003,Maine,0.421,FALSE,FALSE
23,2004,Maine,0.411,FALSE,FALSE
23,2005,Maine,0.425,FALSE,FALSE
23,2006,Maine,0.431,FALSE,FALSE
23,2007,Maine,0.457,FALSE,FALSE
23,2008,Maine,0.462,FALSE,FALSE
23,2009,Maine,0.441,FALSE,FALSE
23,2010,Maine,0.46,FALSE,FALSE
23,2011,Maine,0.47,FALSE,FALSE
23,2012,Maine,0.46,FALSE,FALSE
23,2013,Maine,0.496,FALSE,FALSE
23,2014,Maine,0.423,FALSE,FALSE
23,2015,Maine,0.413,FALSE,FALSE
23,2016,Maine,0.477,FALSE,FALSE
24,1980,Maryland,0.37,FALSE,FALSE
24,1981,Maryland,0.452,FALSE,FALSE
24,1982,Maryland,0.399,FALSE,FALSE
24,1983,Maryland,0.363,FALSE,FALSE
24,1984,Maryland,0.386,FALSE,FALSE
24,1985,Maryland,0.374,FALSE,FALSE
24,1986,Maryland,0.353,FALSE,FALSE
24,1987,Maryland,0.383,FALSE,FALSE
24,1988,Maryland,0.367,FALSE,FALSE
24,1989,Maryland,0.396,FALSE,FALSE
24,1990,Maryland,0.398,FALSE,FALSE
24,1991,Maryland,0.372,FALSE,FALSE
24,1992,Maryland,0.413,FALSE,FALSE
24,1993,Maryland,0.353,FALSE,FALSE
24,1994,Maryland,0.376,FALSE,FALSE
24,1995,Maryland,0.375,FALSE,FALSE
24,1996,Maryland,0.283,FALSE,FALSE
24,1997,Maryland,0.324,TRUE,FALSE
24,1998,Maryland,0.287,TRUE,FALSE
24,1999,Maryland,0.298,TRUE,FALSE
24,2000,Maryland,0.265,TRUE,FALSE
24,2001,Maryland,0.249,TRUE,FALSE
24,2002,Maryland,0.252,TRUE,FALSE
24,2003,Maryland,0.24,TRUE,FALSE
24,2004,Maryland,0.236,TRUE,FALSE
24,2005,Maryland,0.266,TRUE,FALSE
24,2006,Maryland,0.237,TRUE,FALSE
24,2007,Maryland,0.206,TRUE,FALSE
24,2008,Maryland,0.235,TRUE,FALSE
24,2009,Maryland,0.218,TRUE,FALSE
24,2010,Maryland,0.196,TRUE,FALSE
24,2011,Maryland,0.266,TRUE,FALSE
24,2012,Maryland,0.213,TRUE,FALSE
24,2013,Maryland,0.18,TRUE,FALSE
24,2014,Maryland,0.219,TRUE,TRUE
24,2015,Maryland,0.201,TRUE,TRUE
24,2016,Maryland,0.167,TRUE,TRUE
25,1980,Massachusetts,0.169,TRUE,TRUE
25,1981,Massachusetts,0.217,FALSE,TRUE
25,1982,Massachusetts,0.18,FALSE,TRUE
25,1983,Massachusetts,0.156,FALSE,TRUE
25,1984,Massachusetts,0.206,FALSE,TRUE
25,1985,Massachusetts,0.195,FALSE,TRUE
25,1986,Massachusetts,0.155,FALSE,TRUE
25,1987,Massachusetts,0.191,FALSE,TRUE
25,1988,Massachusetts,0.17,FALSE,TRUE
25,1989,Massachusetts,0.203,FALSE,TRUE
25,1990,Massachusetts,0.185,FALSE,TRUE
25,1991,Massachusetts,0.207,FALSE,TRUE
25,1992,Massachusetts,0.204,FALSE,TRUE
25,1993,Massachusetts,0.211,FALSE,TRUE
25,1994,Massachusetts,0.186,FALSE,TRUE
25,1995,Massachusetts,0.181,FALSE,TRUE
25,1996,Massachusetts,0.155,FALSE,TRUE
25,1997,Massachusetts,0.15,FALSE,TRUE
25,1998,Massachusetts,0.158,FALSE,TRUE
25,1999,Massachusetts,0.136,FALSE,TRUE
25,2000,Massachusetts,0.126,FALSE,TRUE
25,2001,Massachusetts,0.121,FALSE,TRUE
25,2002,Massachusetts,0.115,FALSE,TRUE
25,2003,Massachusetts,0.129,FALSE,TRUE
25,2004,Massachusetts,0.104,FALSE,TRUE
25,2005,Massachusetts,0.103,FALSE,TRUE
25,2006,Massachusetts,0.116,FALSE,TRUE
25,2007,Massachusetts,0.075,FALSE,TRUE
25,2008,Massachusetts,0.096,FALSE,TRUE
25,2009,Massachusetts,0.091,FALSE,TRUE
25,2010,Massachusetts,0.122,FALSE,TRUE
25,2011,Massachusetts,0.135,FALSE,TRUE
25,2012,Massachusetts,0.111,FALSE,TRUE
25,2013,Massachusetts,0.085,FALSE,TRUE
25,2014,Massachusetts,0.1,FALSE,TRUE
25,2015,Massachusetts,0.088,FALSE,TRUE
25,2016,Massachusetts,0.09,FALSE,TRUE
26,1980,Michigan,0.444,FALSE,TRUE
26,1981,Michigan,0.41,TRUE,TRUE
26,1982,Michigan,0.439,TRUE,TRUE
26,1983,Michigan,0.425,TRUE,TRUE
26,1984,Michigan,0.463,TRUE,TRUE
26,1985,Michigan,0.408,TRUE,TRUE
26,1986,Michigan,0.394,TRUE,TRUE
26,1987,Michigan,0.47,TRUE,TRUE
26,1988,Michigan,0.45,TRUE,TRUE
26,1989,Michigan,0.494,TRUE,TRUE
26,1990,Michigan,0.508,TRUE,TRUE
26,1991,Michigan,0.49,TRUE,TRUE
26,1992,Michigan,0.427,TRUE,TRUE
26,1993,Michigan,0.443,TRUE,TRUE
26,1994,Michigan,0.45,TRUE,TRUE
26,1995,Michigan,0.425,TRUE,TRUE
26,1996,Michigan,0.429,TRUE,TRUE
26,1997,Michigan,0.387,TRUE,TRUE
26,1998,Michigan,0.416,TRUE,TRUE
26,1999,Michigan,0.368,TRUE,TRUE
26,2000,Michigan,0.401,TRUE,TRUE
26,2001,Michigan,0.38,TRUE,TRUE
26,2002,Michigan,0.388,TRUE,TRUE
26,2003,Michigan,0.359,TRUE,TRUE
26,2004,Michigan,0.384,TRUE,TRUE
26,2005,Michigan,0.346,TRUE,TRUE
26,2006,Michigan,0.372,TRUE,TRUE
26,2007,Michigan,0.334,TRUE,TRUE
26,2008,Michigan,0.315,TRUE,TRUE
26,2009,Michigan,0.354,TRUE,TRUE
26,2010,Michigan,0.342,TRUE,TRUE
26,2011,Michigan,0.325,TRUE,TRUE
26,2012,Michigan,0.391,TRUE,TRUE
26,2013,Michigan,0.36,TRUE,TRUE
26,2014,Michigan,0.347,TRUE,TRUE
26,2015,Michigan,0.358,TRUE,TRUE
26,2016,Michigan,0.389,TRUE,TRUE
27,1980,Minnesota,0.527,TRUE,TRUE
27,1981,Minnesota,0.409,FALSE,FALSE
27,1982,Minnesota,0.536,FALSE,FALSE
27,1983,Minnesota,0.463,FALSE,FALSE
27,1984,Minnesota,0.462,FALSE,FALSE
27,1985,Minnesota,0.528,FALSE,FALSE
27,1986,Minnesota,0.446,FALSE,FALSE
27,1987,Minnesota,0.442,FALSE,FALSE
27,1988,Minnesota,0.456,FALSE,FALSE
27,1989,Minnesota,0.464,FALSE,FALSE
27,1990,Minnesota,0.448,FALSE,FALSE
27,1991,Minnesota,0.463,FALSE,FALSE
27,1992,Minnesota,0.456,FALSE,FALSE
27,1993,Minnesota,0.442,FALSE,FALSE
27,1994,Minnesota,0.444,FALSE,FALSE
27,1995,Minnesota,0.423,FALSE,FALSE
27,1996,Minnesota,0.464,FALSE,FALSE
27,1997,Minnesota,0.395,FALSE,FALSE
27,1998,Minnesota,0.427,FALSE,FALSE
27,1999,Minnesota,0.411,FALSE,FALSE
27,2000,Minnesota,0.447,FALSE,FALSE
27,2001,Minnesota,0.405,FALSE,FALSE
27,2002,Minnesota,0.409,FALSE,FALSE
27,2003,Minnesota,0.405,FALSE,FALSE
27,2004,Minnesota,0.406,FALSE,FALSE
27,2005,Minnesota,0.387,FALSE,FALSE
27,2006,Minnesota,0.373,FALSE,FALSE
27,2007,Minnesota,0.403,FALSE,FALSE
27,2008,Minnesota,0.386,FALSE,FALSE
27,2009,Minnesota,0.396,FALSE,FALSE
27,2010,Minnesota,0.41,FALSE,FALSE
27,2011,Minnesota,0.411,FALSE,FALSE
27,2012,Minnesota,0.382,FALSE,FALSE
27,2013,Minnesota,0.424,FALSE,FALSE
27,2014,Minnesota,0.353,FALSE,FALSE
27,2015,Minnesota,0.341,FALSE,FALSE
27,2016,Minnesota,0.391,FALSE,FALSE
28,1980,Mississippi,0.59,FALSE,FALSE
28,1981,Mississippi,0.605,FALSE,FALSE
28,1982,Mississippi,0.596,FALSE,FALSE
28,1983,Mississippi,0.626,FALSE,FALSE
28,1984,Mississippi,0.628,FALSE,FALSE
28,1985,Mississippi,0.613,FALSE,FALSE
28,1986,Mississippi,0.591,FALSE,FALSE
28,1987,Mississippi,0.617,FALSE,FALSE
28,1988,Mississippi,0.625,FALSE,FALSE
28,1989,Mississippi,0.617,FALSE,FALSE
28,1990,Mississippi,0.614,FALSE,FALSE
28,1991,Mississippi,0.624,FALSE,FALSE
28,1992,Mississippi,0.56,FALSE,FALSE
28,1993,Mississippi,0.605,FALSE,FALSE
28,1994,Mississippi,0.575,FALSE,FALSE
28,1995,Mississippi,0.588,FALSE,FALSE
28,1996,Mississippi,0.59,FALSE,FALSE
28,1997,Mississippi,0.568,FALSE,FALSE
28,1998,Mississippi,0.512,FALSE,FALSE
28,1999,Mississippi,0.57,FALSE,FALSE
28,2000,Mississippi,0.536,FALSE,FALSE
28,2001,Mississippi,0.545,FALSE,FALSE
28,2002,Mississippi,0.541,FALSE,FALSE
28,2003,Mississippi,0.541,FALSE,FALSE
28,2004,Mississippi,0.53,FALSE,FALSE
28,2005,Mississippi,0.5,FALSE,FALSE
28,2006,Mississippi,0.49,FALSE,FALSE
28,2007,Mississippi,0.522,FALSE,FALSE
28,2008,Mississippi,0.497,FALSE,FALSE
28,2009,Mississippi,0.478,FALSE,FALSE
28,2010,Mississippi,0.48,FALSE,FALSE
28,2011,Mississippi,0.498,FALSE,FALSE
28,2012,Mississippi,0.568,FALSE,FALSE
28,2013,Mississippi,0.502,FALSE,FALSE
28,2014,Mississippi,0.488,FALSE,FALSE
28,2015,Mississippi,0.474,FALSE,FALSE
28,2016,Mississippi,0.541,FALSE,FALSE
29,1980,Missouri,0.569,FALSE,FALSE
29,1981,Missouri,0.501,FALSE,FALSE
29,1982,Missouri,0.514,TRUE,TRUE
29,1983,Missouri,0.484,TRUE,TRUE
29,1984,Missouri,0.516,TRUE,TRUE
29,1985,Missouri,0.512,TRUE,TRUE
29,1986,Missouri,0.481,TRUE,TRUE
29,1987,Missouri,0.523,TRUE,TRUE
29,1988,Missouri,0.525,TRUE,TRUE
29,1989,Missouri,0.55,TRUE,TRUE
29,1990,Missouri,0.582,TRUE,TRUE
29,1991,Missouri,0.536,TRUE,TRUE
29,1992,Missouri,0.478,TRUE,TRUE
29,1993,Missouri,0.492,TRUE,TRUE
29,1994,Missouri,0.52,TRUE,TRUE
29,1995,Missouri,0.468,TRUE,TRUE
29,1996,Missouri,0.485,TRUE,TRUE
29,1997,Missouri,0.459,TRUE,TRUE
29,1998,Missouri,0.474,TRUE,TRUE
29,1999,Missouri,0.426,TRUE,TRUE
29,2000,Missouri,0.461,TRUE,TRUE
29,2001,Missouri,0.446,TRUE,TRUE
29,2002,Missouri,0.477,TRUE,TRUE
29,2003,Missouri,0.433,TRUE,TRUE
29,2004,Missouri,0.451,TRUE,TRUE
29,2005,Missouri,0.417,TRUE,TRUE
29,2006,Missouri,0.445,TRUE,TRUE
29,2007,Missouri,0.449,TRUE,TRUE
29,2008,Missouri,0.487,FALSE,FALSE
29,2009,Missouri,0.47,FALSE,FALSE
29,2010,Missouri,0.463,FALSE,FALSE
29,2011,Missouri,0.434,FALSE,FALSE
29,2012,Missouri,0.511,FALSE,FALSE
29,2013,Missouri,0.486,FALSE,FALSE
29,2014,Missouri,0.497,FALSE,FALSE
29,2015,Missouri,0.488,FALSE,FALSE
29,2016,Missouri,0.528,FALSE,FALSE
30,1980,Montana,0.782,FALSE,FALSE
30,1981,Montana,0.695,FALSE,FALSE
30,1982,Montana,0.656,FALSE,FALSE
30,1983,Montana,0.759,FALSE,FALSE
30,1984,Montana,0.778,FALSE,FALSE
30,1985,Montana,0.717,FALSE,FALSE
30,1986,Montana,0.693,FALSE,FALSE
30,1987,Montana,0.737,FALSE,FALSE
30,1988,Montana,0.669,FALSE,FALSE
30,1989,Montana,0.665,FALSE,FALSE
30,1990,Montana,0.668,FALSE,FALSE
30,1991,Montana,0.673,FALSE,FALSE
30,1992,Montana,0.638,FALSE,FALSE
30,1993,Montana,0.7,FALSE,FALSE
30,1994,Montana,0.689,FALSE,FALSE
30,1995,Montana,0.684,FALSE,FALSE
30,1996,Montana,0.654,FALSE,FALSE
30,1997,Montana,0.621,FALSE,FALSE
30,1998,Montana,0.657,FALSE,FALSE
30,1999,Montana,0.581,FALSE,FALSE
30,2000,Montana,0.646,FALSE,FALSE
30,2001,Montana,0.623,FALSE,FALSE
30,2002,Montana,0.626,FALSE,FALSE
30,2003,Montana,0.632,FALSE,FALSE
30,2004,Montana,0.62,FALSE,FALSE
30,2005,Montana,0.694,FALSE,FALSE
30,2006,Montana,0.614,FALSE,FALSE
30,2007,Montana,0.639,FALSE,FALSE
30,2008,Montana,0.69,FALSE,FALSE
30,2009,Montana,0.625,FALSE,FALSE
30,2010,Montana,0.621,FALSE,FALSE
30,2011,Montana,0.603,FALSE,FALSE
30,2012,Montana,0.658,FALSE,FALSE
30,2013,Montana,0.633,FALSE,FALSE
30,2014,Montana,0.64,FALSE,FALSE
30,2015,Montana,0.608,FALSE,FALSE
30,2016,Montana,0.65,FALSE,FALSE
31,1980,Nebraska,0.545,FALSE,FALSE
31,1981,Nebraska,0.507,FALSE,FALSE
31,1982,Nebraska,0.496,FALSE,FALSE
31,1983,Nebraska,0.539,FALSE,FALSE
31,1984,Nebraska,0.503,FALSE,FALSE
31,1985,Nebraska,0.517,FALSE,FALSE
31,1986,Nebraska,0.509,FALSE,FALSE
31,1987,Nebraska,0.504,FALSE,FALSE
31,1988,Nebraska,0.534,FALSE,FALSE
31,1989,Nebraska,0.546,FALSE,FALSE
31,1990,Nebraska,0.523,FALSE,FALSE
31,1991,Nebraska,0.526,FALSE,FALSE
31,1992,Nebraska,0.471,FALSE,TRUE
31,1993,Nebraska,0.465,FALSE,TRUE
31,1994,Nebraska,0.419,FALSE,TRUE
31,1995,Nebraska,0.451,FALSE,TRUE
31,1996,Nebraska,0.504,FALSE,TRUE
31,1997,Nebraska,0.438,FALSE,TRUE
31,1998,Nebraska,0.42,FALSE,TRUE
31,1999,Nebraska,0.455,FALSE,TRUE
31,2000,Nebraska,0.486,FALSE,TRUE
31,2001,Nebraska,0.4,FALSE,TRUE
31,2002,Nebraska,0.419,FALSE,TRUE
31,2003,Nebraska,0.391,FALSE,TRUE
31,2004,Nebraska,0.466,FALSE,TRUE
31,2005,Nebraska,0.371,FALSE,TRUE
31,2006,Nebraska,0.351,FALSE,TRUE
31,2007,Nebraska,0.426,FALSE,TRUE
31,2008,Nebraska,0.34,FALSE,TRUE
31,2009,Nebraska,0.415,FALSE,TRUE
31,2010,Nebraska,0.425,FALSE,TRUE
31,2011,Nebraska,0.418,FALSE,TRUE
31,2012,Nebraska,0.416,FALSE,TRUE
31,2013,Nebraska,0.405,FALSE,TRUE
31,2014,Nebraska,0.365,FALSE,TRUE
31,2015,Nebraska,0.362,FALSE,TRUE
31,2016,Nebraska,0.392,FALSE,TRUE
32,1980,Nevada,0.561,FALSE,TRUE
32,1981,Nevada,0.592,FALSE,FALSE
32,1982,Nevada,0.627,FALSE,FALSE
32,1983,Nevada,0.617,FALSE,FALSE
32,1984,Nevada,0.571,FALSE,FALSE
32,1985,Nevada,0.51,FALSE,FALSE
32,1986,Nevada,0.582,FALSE,FALSE
32,1987,Nevada,0.557,FALSE,FALSE
32,1988,Nevada,0.617,FALSE,FALSE
32,1989,Nevada,0.62,FALSE,FALSE
32,1990,Nevada,0.607,FALSE,FALSE
32,1991,Nevada,0.597,FALSE,FALSE
32,1992,Nevada,0.582,FALSE,FALSE
32,1993,Nevada,0.557,FALSE,FALSE
32,1994,Nevada,0.539,FALSE,FALSE
32,1995,Nevada,0.541,FALSE,FALSE
32,1996,Nevada,0.519,FALSE,FALSE
32,1997,Nevada,0.52,FALSE,FALSE
32,1998,Nevada,0.474,FALSE,FALSE
32,1999,Nevada,0.433,FALSE,FALSE
32,2000,Nevada,0.471,FALSE,FALSE
32,2001,Nevada,0.369,FALSE,FALSE
32,2002,Nevada,0.386,FALSE,FALSE
32,2003,Nevada,0.36,FALSE,FALSE
32,2004,Nevada,0.392,FALSE,FALSE
32,2005,Nevada,0.36,FALSE,FALSE
32,2006,Nevada,0.351,FALSE,FALSE
32,2007,Nevada,0.397,FALSE,FALSE
32,2008,Nevada,0.371,FALSE,FALSE
32,2009,Nevada,0.391,FALSE,FALSE
32,2010,Nevada,0.372,FALSE,FALSE
32,2011,Nevada,0.318,FALSE,FALSE
32,2012,Nevada,0.377,FALSE,FALSE
32,2013,Nevada,0.351,FALSE,FALSE
32,2014,Nevada,0.344,FALSE,FALSE
32,2015,Nevada,0.328,FALSE,FALSE
32,2016,Nevada,0.329,FALSE,FALSE
33,1980,New Hampshire,0.408,FALSE,FALSE
33,1981,New Hampshire,0.455,FALSE,FALSE
33,1982,New Hampshire,0.461,FALSE,FALSE
33,1983,New Hampshire,0.437,FALSE,FALSE
33,1984,New Hampshire,0.495,FALSE,FALSE
33,1985,New Hampshire,0.422,FALSE,FALSE
33,1986,New Hampshire,0.445,FALSE,FALSE
33,1987,New Hampshire,0.423,FALSE,FALSE
33,1988,New Hampshire,0.47,FALSE,FALSE
33,1989,New Hampshire,0.467,FALSE,FALSE
33,1990,New Hampshire,0.464,FALSE,FALSE
33,1991,New Hampshire,0.47,FALSE,FALSE
33,1992,New Hampshire,0.483,FALSE,FALSE
33,1993,New Hampshire,0.476,FALSE,FALSE
33,1994,New Hampshire,0.442,FALSE,FALSE
33,1995,New Hampshire,0.452,FALSE,FALSE
33,1996,New Hampshire,0.441,FALSE,FALSE
33,1997,New Hampshire,0.387,FALSE,FALSE
33,1998,New Hampshire,0.423,FALSE,FALSE
33,1999,New Hampshire,0.374,FALSE,FALSE
33,2000,New Hampshire,0.391,FALSE,FALSE
33,2001,New Hampshire,0.31,FALSE,FALSE
33,2002,New Hampshire,0.317,FALSE,FALSE
33,2003,New Hampshire,0.33,FALSE,FALSE
33,2004,New Hampshire,0.315,FALSE,FALSE
33,2005,New Hampshire,0.364,FALSE,FALSE
33,2006,New Hampshire,0.364,FALSE,FALSE
33,2007,New Hampshire,0.364,FALSE,FALSE
33,2008,New Hampshire,0.368,FALSE,FALSE
33,2009,New Hampshire,0.383,FALSE,FALSE
33,2010,New Hampshire,0.394,FALSE,FALSE
33,2011,New Hampshire,0.385,FALSE,FALSE
33,2012,New Hampshire,0.394,FALSE,FALSE
33,2013,New Hampshire,0.406,FALSE,FALSE
33,2014,New Hampshire,0.381,FALSE,FALSE
33,2015,New Hampshire,0.372,FALSE,FALSE
33,2016,New Hampshire,0.463,FALSE,FALSE
34,1980,New Jersey,0.201,FALSE,FALSE
34,1981,New Jersey,0.225,FALSE,TRUE
34,1982,New Jersey,0.32,FALSE,TRUE
34,1983,New Jersey,0.2,FALSE,TRUE
34,1984,New Jersey,0.187,FALSE,TRUE
34,1985,New Jersey,0.173,FALSE,TRUE
34,1986,New Jersey,0.181,FALSE,TRUE
34,1987,New Jersey,0.228,FALSE,TRUE
34,1988,New Jersey,0.168,FALSE,TRUE
34,1989,New Jersey,0.214,FALSE,TRUE
34,1990,New Jersey,0.193,FALSE,TRUE
34,1991,New Jersey,0.21,FALSE,TRUE
34,1992,New Jersey,0.213,FALSE,TRUE
34,1993,New Jersey,0.176,FALSE,TRUE
34,1994,New Jersey,0.167,FALSE,TRUE
34,1995,New Jersey,0.195,FALSE,TRUE
34,1996,New Jersey,0.122,FALSE,TRUE
34,1997,New Jersey,0.133,FALSE,TRUE
34,1998,New Jersey,0.167,FALSE,TRUE
34,1999,New Jersey,0.144,FALSE,TRUE
34,2000,New Jersey,0.108,FALSE,TRUE
34,2001,New Jersey,0.122,FALSE,TRUE
34,2002,New Jersey,0.117,FALSE,TRUE
34,2003,New Jersey,0.112,FALSE,TRUE
34,2004,New Jersey,0.108,FALSE,TRUE
34,2005,New Jersey,0.106,FALSE,TRUE
34,2006,New Jersey,0.118,FALSE,TRUE
34,2007,New Jersey,0.063,FALSE,TRUE
34,2008,New Jersey,0.088,FALSE,TRUE
34,2009,New Jersey,0.098,FALSE,TRUE
34,2010,New Jersey,0.085,FALSE,TRUE
34,2011,New Jersey,0.102,FALSE,TRUE
34,2012,New Jersey,0.07,FALSE,TRUE
34,2013,New Jersey,0.056,FALSE,TRUE
34,2014,New Jersey,0.097,FALSE,TRUE
34,2015,New Jersey,0.081,FALSE,TRUE
34,2016,New Jersey,0.089,FALSE,TRUE
35,1980,New Mexico,0.553,FALSE,TRUE
35,1981,New Mexico,0.53,FALSE,FALSE
35,1982,New Mexico,0.562,FALSE,FALSE
35,1983,New Mexico,0.524,FALSE,FALSE
35,1984,New Mexico,0.519,FALSE,FALSE
35,1985,New Mexico,0.548,FALSE,FALSE
35,1986,New Mexico,0.535,FALSE,FALSE
35,1987,New Mexico,0.547,FALSE,FALSE
35,1988,New Mexico,0.567,FALSE,FALSE
35,1989,New Mexico,0.555,FALSE,FALSE
35,1990,New Mexico,0.496,FALSE,FALSE
35,1991,New Mexico,0.552,FALSE,FALSE
35,1992,New Mexico,0.496,FALSE,FALSE
35,1993,New Mexico,0.496,FALSE,FALSE
35,1994,New Mexico,0.521,FALSE,FALSE
35,1995,New Mexico,0.522,FALSE,FALSE
35,1996,New Mexico,0.488,FALSE,FALSE
35,1997,New Mexico,0.437,FALSE,FALSE
35,1998,New Mexico,0.469,FALSE,FALSE
35,1999,New Mexico,0.446,FALSE,FALSE
35,2000,New Mexico,0.438,FALSE,FALSE
35,2001,New Mexico,0.391,FALSE,FALSE
35,2002,New Mexico,0.431,FALSE,FALSE
35,2003,New Mexico,0.407,FALSE,FALSE
35,2004,New Mexico,0.391,FALSE,FALSE
35,2005,New Mexico,0.406,FALSE,FALSE
35,2006,New Mexico,0.392,FALSE,FALSE
35,2007,New Mexico,0.428,FALSE,FALSE
35,2008,New Mexico,0.357,FALSE,FALSE
35,2009,New Mexico,0.375,FALSE,FALSE
35,2010,New Mexico,0.375,FALSE,FALSE
35,2011,New Mexico,0.366,FALSE,FALSE
35,2012,New Mexico,0.403,FALSE,FALSE
35,2013,New Mexico,0.482,FALSE,FALSE
35,2014,New Mexico,0.356,FALSE,FALSE
35,2015,New Mexico,0.37,FALSE,FALSE
35,2016,New Mexico,0.359,FALSE,FALSE
36,1980,New York,0.201,FALSE,FALSE
36,1981,New York,0.228,TRUE,TRUE
36,1982,New York,0.206,TRUE,TRUE
36,1983,New York,0.214,TRUE,TRUE
36,1984,New York,0.245,TRUE,TRUE
36,1985,New York,0.241,TRUE,TRUE
36,1986,New York,0.242,TRUE,TRUE
36,1987,New York,0.271,TRUE,TRUE
36,1988,New York,0.258,TRUE,TRUE
36,1989,New York,0.305,TRUE,TRUE
36,1990,New York,0.266,TRUE,TRUE
36,1991,New York,0.269,TRUE,TRUE
36,1992,New York,0.256,TRUE,TRUE
36,1993,New York,0.262,TRUE,TRUE
36,1994,New York,0.235,TRUE,TRUE
36,1995,New York,0.231,TRUE,TRUE
36,1996,New York,0.193,TRUE,TRUE
36,1997,New York,0.205,TRUE,TRUE
36,1998,New York,0.184,TRUE,TRUE
36,1999,New York,0.197,TRUE,TRUE
36,2000,New York,0.197,TRUE,TRUE
36,2001,New York,0.182,TRUE,TRUE
36,2002,New York,0.177,TRUE,TRUE
36,2003,New York,0.157,TRUE,TRUE
36,2004,New York,0.174,TRUE,TRUE
36,2005,New York,0.192,TRUE,TRUE
36,2006,New York,0.164,TRUE,TRUE
36,2007,New York,0.14,TRUE,TRUE
36,2008,New York,0.142,TRUE,TRUE
36,2009,New York,0.152,TRUE,TRUE
36,2010,New York,0.143,TRUE,TRUE
36,2011,New York,0.158,TRUE,TRUE
36,2012,New York,0.154,TRUE,TRUE
36,2013,New York,0.124,TRUE,TRUE
36,2014,New York,0.126,TRUE,TRUE
36,2015,New York,0.119,TRUE,TRUE
36,2016,New York,0.145,TRUE,TRUE
37,1980,North Carolina,0.579,TRUE,TRUE
37,1981,North Carolina,0.547,FALSE,FALSE
37,1982,North Carolina,0.571,FALSE,FALSE
37,1983,North Carolina,0.552,FALSE,FALSE
37,1984,North Carolina,0.585,FALSE,FALSE
37,1985,North Carolina,0.554,FALSE,FALSE
37,1986,North Carolina,0.522,FALSE,FALSE
37,1987,North Carolina,0.573,FALSE,FALSE
37,1988,North Carolina,0.561,FALSE,FALSE
37,1989,North Carolina,0.563,FALSE,FALSE
37,1990,North Carolina,0.541,FALSE,FALSE
37,1991,North Carolina,0.565,FALSE,FALSE
37,1992,North Carolina,0.529,FALSE,FALSE
37,1993,North Carolina,0.573,FALSE,FALSE
37,1994,North Carolina,0.54,FALSE,FALSE
37,1995,North Carolina,0.461,FALSE,FALSE
37,1996,North Carolina,0.516,FALSE,TRUE
37,1997,North Carolina,0.474,FALSE,TRUE
37,1998,North Carolina,0.464,FALSE,TRUE
37,1999,North Carolina,0.417,FALSE,TRUE
37,2000,North Carolina,0.426,FALSE,TRUE
37,2001,North Carolina,0.382,FALSE,TRUE
37,2002,North Carolina,0.397,FALSE,TRUE
37,2003,North Carolina,0.374,FALSE,TRUE
37,2004,North Carolina,0.383,FALSE,TRUE
37,2005,North Carolina,0.375,FALSE,TRUE
37,2006,North Carolina,0.351,FALSE,TRUE
37,2007,North Carolina,0.36,FALSE,TRUE
37,2008,North Carolina,0.345,FALSE,TRUE
37,2009,North Carolina,0.341,FALSE,TRUE
37,2010,North Carolina,0.35,FALSE,TRUE
37,2011,North Carolina,0.406,FALSE,TRUE
37,2012,North Carolina,0.379,FALSE,TRUE
37,2013,North Carolina,0.355,FALSE,TRUE
37,2014,North Carolina,0.334,FALSE,TRUE
37,2015,North Carolina,0.316,FALSE,TRUE
37,2016,North Carolina,0.371,FALSE,TRUE
38,1980,North Dakota,0.53,FALSE,TRUE
38,1981,North Dakota,0.567,FALSE,FALSE
38,1982,North Dakota,0.558,FALSE,FALSE
38,1983,North Dakota,0.53,FALSE,FALSE
38,1984,North Dakota,0.597,FALSE,FALSE
38,1985,North Dakota,0.627,FALSE,FALSE
38,1986,North Dakota,0.542,FALSE,FALSE
38,1987,North Dakota,0.596,FALSE,FALSE
38,1988,North Dakota,0.598,FALSE,FALSE
38,1989,North Dakota,0.565,FALSE,FALSE
38,1990,North Dakota,0.553,FALSE,FALSE
38,1991,North Dakota,0.518,FALSE,FALSE
38,1992,North Dakota,0.574,FALSE,FALSE
38,1993,North Dakota,0.594,FALSE,FALSE
38,1994,North Dakota,0.522,FALSE,FALSE
38,1995,North Dakota,0.598,FALSE,FALSE
38,1996,North Dakota,0.566,FALSE,FALSE
38,1997,North Dakota,0.54,FALSE,FALSE
38,1998,North Dakota,0.512,FALSE,FALSE
38,1999,North Dakota,0.56,FALSE,FALSE
38,2000,North Dakota,0.55,FALSE,FALSE
38,2001,North Dakota,0.503,FALSE,FALSE
38,2002,North Dakota,0.517,FALSE,FALSE
38,2003,North Dakota,0.51,FALSE,FALSE
38,2004,North Dakota,0.546,FALSE,FALSE
38,2005,North Dakota,0.546,FALSE,FALSE
38,2006,North Dakota,0.484,FALSE,FALSE
38,2007,North Dakota,0.538,FALSE,FALSE
38,2008,North Dakota,0.586,FALSE,FALSE
38,2009,North Dakota,0.537,FALSE,FALSE
38,2010,North Dakota,0.543,FALSE,FALSE
38,2011,North Dakota,0.541,FALSE,FALSE
38,2012,North Dakota,0.561,FALSE,FALSE
38,2013,North Dakota,0.567,FALSE,FALSE
38,2014,North Dakota,0.57,FALSE,FALSE
38,2015,North Dakota,0.504,FALSE,FALSE
38,2016,North Dakota,0.533,FALSE,FALSE
39,1980,Ohio,0.458,FALSE,FALSE
39,1981,Ohio,0.444,FALSE,FALSE
39,1982,Ohio,0.487,FALSE,FALSE
39,1983,Ohio,0.421,FALSE,FALSE
39,1984,Ohio,0.464,FALSE,FALSE
39,1985,Ohio,0.408,FALSE,FALSE
39,1986,Ohio,0.425,FALSE,FALSE
39,1987,Ohio,0.472,FALSE,FALSE
39,1988,Ohio,0.458,FALSE,FALSE
39,1989,Ohio,0.479,FALSE,FALSE
39,1990,Ohio,0.486,FALSE,FALSE
39,1991,Ohio,0.472,FALSE,FALSE
39,1992,Ohio,0.462,FALSE,FALSE
39,1993,Ohio,0.443,FALSE,FALSE
39,1994,Ohio,0.477,FALSE,FALSE
39,1995,Ohio,0.448,FALSE,FALSE
39,1996,Ohio,0.397,FALSE,FALSE
39,1997,Ohio,0.362,FALSE,FALSE
39,1998,Ohio,0.381,FALSE,FALSE
39,1999,Ohio,0.365,FALSE,FALSE
39,2000,Ohio,0.351,FALSE,FALSE
39,2001,Ohio,0.324,FALSE,FALSE
39,2002,Ohio,0.321,FALSE,FALSE
39,2003,Ohio,0.335,FALSE,FALSE
39,2004,Ohio,0.328,FALSE,FALSE
39,2005,Ohio,0.348,FALSE,FALSE
39,2006,Ohio,0.353,FALSE,FALSE
39,2007,Ohio,0.324,FALSE,FALSE
39,2008,Ohio,0.365,FALSE,FALSE
39,2009,Ohio,0.368,FALSE,FALSE
39,2010,Ohio,0.357,FALSE,FALSE
39,2011,Ohio,0.334,FALSE,FALSE
39,2012,Ohio,0.362,FALSE,FALSE
39,2013,Ohio,0.359,FALSE,FALSE
39,2014,Ohio,0.366,FALSE,FALSE
39,2015,Ohio,0.388,FALSE,FALSE
39,2016,Ohio,0.419,FALSE,FALSE
40,1980,Oklahoma,0.609,FALSE,FALSE
40,1981,Oklahoma,0.58,FALSE,FALSE
40,1982,Oklahoma,0.595,FALSE,FALSE
40,1983,Oklahoma,0.575,FALSE,FALSE
40,1984,Oklahoma,0.612,FALSE,FALSE
40,1985,Oklahoma,0.599,FALSE,FALSE
40,1986,Oklahoma,0.596,FALSE,FALSE
40,1987,Oklahoma,0.649,FALSE,FALSE
40,1988,Oklahoma,0.637,FALSE,FALSE
40,1989,Oklahoma,0.643,FALSE,FALSE
40,1990,Oklahoma,0.655,FALSE,FALSE
40,1991,Oklahoma,0.604,FALSE,FALSE
40,1992,Oklahoma,0.549,FALSE,FALSE
40,1993,Oklahoma,0.605,FALSE,FALSE
40,1994,Oklahoma,0.572,FALSE,FALSE
40,1995,Oklahoma,0.52,FALSE,FALSE
40,1996,Oklahoma,0.537,FALSE,FALSE
40,1997,Oklahoma,0.55,FALSE,FALSE
40,1998,Oklahoma,0.498,FALSE,FALSE
40,1999,Oklahoma,0.498,FALSE,FALSE
40,2000,Oklahoma,0.558,FALSE,FALSE
40,2001,Oklahoma,0.48,FALSE,FALSE
40,2002,Oklahoma,0.483,FALSE,FALSE
40,2003,Oklahoma,0.467,FALSE,FALSE
40,2004,Oklahoma,0.495,FALSE,FALSE
40,2005,Oklahoma,0.441,FALSE,FALSE
40,2006,Oklahoma,0.468,FALSE,FALSE
40,2007,Oklahoma,0.497,FALSE,FALSE
40,2008,Oklahoma,0.508,FALSE,FALSE
40,2009,Oklahoma,0.508,FALSE,FALSE
40,2010,Oklahoma,0.488,FALSE,FALSE
40,2011,Oklahoma,0.533,FALSE,FALSE
40,2012,Oklahoma,0.563,FALSE,FALSE
40,2013,Oklahoma,0.537,FALSE,FALSE
40,2014,Oklahoma,0.493,FALSE,FALSE
40,2015,Oklahoma,0.487,FALSE,FALSE
40,2016,Oklahoma,0.549,FALSE,FALSE
41,1980,Oregon,0.577,FALSE,FALSE
41,1981,Oregon,0.604,FALSE,FALSE
41,1982,Oregon,0.582,FALSE,FALSE
41,1983,Oregon,0.541,FALSE,FALSE
41,1984,Oregon,0.6,FALSE,FALSE
41,1985,Oregon,0.59,FALSE,FALSE
41,1986,Oregon,0.573,FALSE,FALSE
41,1987,Oregon,0.567,FALSE,FALSE
41,1988,Oregon,0.576,FALSE,FALSE
41,1989,Oregon,0.604,FALSE,FALSE
41,1990,Oregon,0.594,FALSE,FALSE
41,1991,Oregon,0.563,FALSE,FALSE
41,1992,Oregon,0.572,FALSE,FALSE
41,1993,Oregon,0.554,FALSE,FALSE
41,1994,Oregon,0.533,FALSE,FALSE
41,1995,Oregon,0.592,FALSE,FALSE
41,1996,Oregon,0.542,FALSE,FALSE
41,1997,Oregon,0.493,FALSE,FALSE
41,1998,Oregon,0.518,FALSE,FALSE
41,1999,Oregon,0.515,FALSE,FALSE
41,2000,Oregon,0.516,FALSE,FALSE
41,2001,Oregon,0.415,FALSE,FALSE
41,2002,Oregon,0.422,FALSE,FALSE
41,2003,Oregon,0.427,FALSE,FALSE
41,2004,Oregon,0.407,FALSE,FALSE
41,2005,Oregon,0.484,FALSE,FALSE
41,2006,Oregon,0.451,FALSE,FALSE
41,2007,Oregon,0.46,FALSE,FALSE
41,2008,Oregon,0.436,FALSE,FALSE
41,2009,Oregon,0.456,FALSE,FALSE
41,2010,Oregon,0.409,FALSE,FALSE
41,2011,Oregon,0.413,FALSE,FALSE
41,2012,Oregon,0.476,FALSE,FALSE
41,2013,Oregon,0.456,FALSE,FALSE
41,2014,Oregon,0.462,FALSE,FALSE
41,2015,Oregon,0.407,FALSE,FALSE
41,2016,Oregon,0.414,TRUE,FALSE
42,1980,Pennsylvania,0.437,TRUE,FALSE
42,1981,Pennsylvania,0.457,FALSE,FALSE
42,1982,Pennsylvania,0.49,FALSE,FALSE
42,1983,Pennsylvania,0.417,FALSE,FALSE
42,1984,Pennsylvania,0.463,FALSE,FALSE
42,1985,Pennsylvania,0.424,FALSE,FALSE
42,1986,Pennsylvania,0.415,FALSE,FALSE
42,1987,Pennsylvania,0.421,FALSE,FALSE
42,1988,Pennsylvania,0.423,FALSE,FALSE
42,1989,Pennsylvania,0.44,FALSE,FALSE
42,1990,Pennsylvania,0.45,FALSE,FALSE
42,1991,Pennsylvania,0.437,FALSE,FALSE
42,1992,Pennsylvania,0.474,FALSE,FALSE
42,1993,Pennsylvania,0.472,FALSE,FALSE
42,1994,Pennsylvania,0.444,FALSE,FALSE
42,1995,Pennsylvania,0.469,FALSE,FALSE
42,1996,Pennsylvania,0.371,TRUE,FALSE
42,1997,Pennsylvania,0.372,TRUE,FALSE
42,1998,Pennsylvania,0.412,TRUE,FALSE
42,1999,Pennsylvania,0.389,TRUE,FALSE
42,2000,Pennsylvania,0.391,TRUE,FALSE
42,2001,Pennsylvania,0.363,TRUE,FALSE
42,2002,Pennsylvania,0.381,TRUE,FALSE
42,2003,Pennsylvania,0.397,TRUE,FALSE
42,2004,Pennsylvania,0.356,TRUE,FALSE
42,2005,Pennsylvania,0.414,TRUE,FALSE
42,2006,Pennsylvania,0.382,TRUE,FALSE
42,2007,Pennsylvania,0.346,TRUE,FALSE
42,2008,Pennsylvania,0.384,TRUE,FALSE
42,2009,Pennsylvania,0.371,TRUE,FALSE
42,2010,Pennsylvania,0.355,TRUE,FALSE
42,2011,Pennsylvania,0.362,TRUE,FALSE
42,2012,Pennsylvania,0.38,TRUE,FALSE
42,2013,Pennsylvania,0.368,TRUE,FALSE
42,2014,Pennsylvania,0.361,TRUE,FALSE
42,2015,Pennsylvania,0.368,TRUE,FALSE
42,2016,Pennsylvania,0.402,TRUE,FALSE
44,1980,Rhode Island,0.113,TRUE,FALSE
44,1981,Rhode Island,0.152,TRUE,TRUE
44,1982,Rhode Island,0.146,TRUE,TRUE
44,1983,Rhode Island,0.157,TRUE,TRUE
44,1984,Rhode Island,0.155,TRUE,TRUE
44,1985,Rhode Island,0.129,TRUE,TRUE
44,1986,Rhode Island,0.171,TRUE,TRUE
44,1987,Rhode Island,0.183,TRUE,TRUE
44,1988,Rhode Island,0.175,TRUE,TRUE
44,1989,Rhode Island,0.236,TRUE,TRUE
44,1990,Rhode Island,0.188,TRUE,TRUE
44,1991,Rhode Island,0.216,TRUE,TRUE
44,1992,Rhode Island,0.246,TRUE,TRUE
44,1993,Rhode Island,0.192,TRUE,TRUE
44,1994,Rhode Island,0.214,TRUE,TRUE
44,1995,Rhode Island,0.226,TRUE,TRUE
44,1996,Rhode Island,0.178,TRUE,TRUE
44,1997,Rhode Island,0.146,TRUE,TRUE
44,1998,Rhode Island,0.147,TRUE,TRUE
44,1999,Rhode Island,0.166,TRUE,TRUE
44,2000,Rhode Island,0.153,TRUE,TRUE
44,2001,Rhode Island,0.134,TRUE,TRUE
44,2002,Rhode Island,0.136,TRUE,TRUE
44,2003,Rhode Island,0.074,TRUE,TRUE
44,2004,Rhode Island,0.116,TRUE,TRUE
44,2005,Rhode Island,0.124,TRUE,TRUE
44,2006,Rhode Island,0.129,TRUE,TRUE
44,2007,Rhode Island,0.072,TRUE,TRUE
44,2008,Rhode Island,0.092,TRUE,TRUE
44,2009,Rhode Island,0.145,TRUE,TRUE
44,2010,Rhode Island,0.091,TRUE,TRUE
44,2011,Rhode Island,0.1,TRUE,TRUE
44,2012,Rhode Island,0.109,TRUE,TRUE
44,2013,Rhode Island,0.09,TRUE,TRUE
44,2014,Rhode Island,0.1,TRUE,TRUE
44,2015,Rhode Island,0.151,TRUE,TRUE
44,2016,Rhode Island,0.139,TRUE,TRUE
45,1980,South Carolina,0.575,TRUE,TRUE
45,1981,South Carolina,0.544,FALSE,FALSE
45,1982,South Carolina,0.565,FALSE,FALSE
45,1983,South Carolina,0.546,FALSE,FALSE
45,1984,South Carolina,0.546,FALSE,FALSE
45,1985,South Carolina,0.588,FALSE,FALSE
45,1986,South Carolina,0.537,FALSE,FALSE
45,1987,South Carolina,0.538,FALSE,FALSE
45,1988,South Carolina,0.588,FALSE,FALSE
45,1989,South Carolina,0.618,FALSE,FALSE
45,1990,South Carolina,0.61,FALSE,FALSE
45,1991,South Carolina,0.582,FALSE,FALSE
45,1992,South Carolina,0.533,FALSE,FALSE
45,1993,South Carolina,0.527,FALSE,FALSE
45,1994,South Carolina,0.541,FALSE,FALSE
45,1995,South Carolina,0.494,FALSE,FALSE
45,1996,South Carolina,0.493,FALSE,FALSE
45,1997,South Carolina,0.521,FALSE,FALSE
45,1998,South Carolina,0.464,FALSE,FALSE
45,1999,South Carolina,0.468,FALSE,FALSE
45,2000,South Carolina,0.492,FALSE,FALSE
45,2001,South Carolina,0.442,FALSE,FALSE
45,2002,South Carolina,0.466,FALSE,FALSE
45,2003,South Carolina,0.456,FALSE,FALSE
45,2004,South Carolina,0.436,FALSE,FALSE
45,2005,South Carolina,0.394,FALSE,FALSE
45,2006,South Carolina,0.403,FALSE,FALSE
45,2007,South Carolina,0.415,FALSE,FALSE
45,2008,South Carolina,0.42,FALSE,FALSE
45,2009,South Carolina,0.409,FALSE,FALSE
45,2010,South Carolina,0.418,FALSE,FALSE
45,2011,South Carolina,0.466,FALSE,FALSE
45,2012,South Carolina,0.459,FALSE,FALSE
45,2013,South Carolina,0.445,FALSE,FALSE
45,2014,South Carolina,0.42,FALSE,FALSE
45,2015,South Carolina,0.393,FALSE,FALSE
45,2016,South Carolina,0.45,FALSE,FALSE
46,1980,South Dakota,0.592,FALSE,FALSE
46,1981,South Dakota,0.585,FALSE,FALSE
46,1982,South Dakota,0.54,FALSE,FALSE
46,1983,South Dakota,0.624,FALSE,FALSE
46,1984,South Dakota,0.501,FALSE,FALSE
46,1985,South Dakota,0.58,FALSE,FALSE
46,1986,South Dakota,0.588,FALSE,FALSE
46,1987,South Dakota,0.568,FALSE,FALSE
46,1988,South Dakota,0.605,FALSE,FALSE
46,1989,South Dakota,0.604,FALSE,FALSE
46,1990,South Dakota,0.617,FALSE,FALSE
46,1991,South Dakota,0.596,FALSE,FALSE
46,1992,South Dakota,0.55,FALSE,FALSE
46,1993,South Dakota,0.621,FALSE,FALSE
46,1994,South Dakota,0.635,FALSE,FALSE
46,1995,South Dakota,0.617,FALSE,FALSE
46,1996,South Dakota,0.582,FALSE,FALSE
46,1997,South Dakota,0.518,FALSE,FALSE
46,1998,South Dakota,0.524,FALSE,FALSE
46,1999,South Dakota,0.494,FALSE,FALSE
46,2000,South Dakota,0.547,FALSE,FALSE
46,2001,South Dakota,0.518,FALSE,FALSE
46,2002,South Dakota,0.564,FALSE,FALSE
46,2003,South Dakota,0.537,FALSE,FALSE
46,2004,South Dakota,0.567,FALSE,FALSE
46,2005,South Dakota,0.504,FALSE,FALSE
46,2006,South Dakota,0.514,FALSE,FALSE
46,2007,South Dakota,0.511,FALSE,FALSE
46,2008,South Dakota,0.51,FALSE,FALSE
46,2009,South Dakota,0.519,FALSE,FALSE
46,2010,South Dakota,0.523,FALSE,FALSE
46,2011,South Dakota,0.479,FALSE,FALSE
46,2012,South Dakota,0.568,FALSE,FALSE
46,2013,South Dakota,0.523,FALSE,FALSE
46,2014,South Dakota,0.5,FALSE,FALSE
46,2015,South Dakota,0.492,FALSE,FALSE
46,2016,South Dakota,0.55,FALSE,FALSE
47,1980,Tennessee,0.573,FALSE,FALSE
47,1981,Tennessee,0.577,TRUE,FALSE
47,1982,Tennessee,0.599,TRUE,FALSE
47,1983,Tennessee,0.577,TRUE,FALSE
47,1984,Tennessee,0.585,TRUE,FALSE
47,1985,Tennessee,0.607,TRUE,FALSE
47,1986,Tennessee,0.548,TRUE,FALSE
47,1987,Tennessee,0.582,TRUE,FALSE
47,1988,Tennessee,0.588,TRUE,FALSE
47,1989,Tennessee,0.584,TRUE,FALSE
47,1990,Tennessee,0.557,TRUE,FALSE
47,1991,Tennessee,0.576,TRUE,FALSE
47,1992,Tennessee,0.581,TRUE,FALSE
47,1993,Tennessee,0.59,TRUE,FALSE
47,1994,Tennessee,0.574,TRUE,FALSE
47,1995,Tennessee,0.565,TRUE,FALSE
47,1996,Tennessee,0.518,TRUE,FALSE
47,1997,Tennessee,0.508,TRUE,FALSE
47,1998,Tennessee,0.513,TRUE,FALSE
47,1999,Tennessee,0.503,TRUE,FALSE
47,2000,Tennessee,0.489,FALSE,FALSE
47,2001,Tennessee,0.444,FALSE,FALSE
47,2002,Tennessee,0.468,FALSE,FALSE
47,2003,Tennessee,0.436,FALSE,FALSE
47,2004,Tennessee,0.472,FALSE,FALSE
47,2005,Tennessee,0.467,FALSE,FALSE
47,2006,Tennessee,0.447,FALSE,FALSE
47,2007,Tennessee,0.461,FALSE,FALSE
47,2008,Tennessee,0.495,FALSE,FALSE
47,2009,Tennessee,0.421,FALSE,FALSE
47,2010,Tennessee,0.438,FALSE,FALSE
47,2011,Tennessee,0.491,FALSE,FALSE
47,2012,Tennessee,0.478,FALSE,FALSE
47,2013,Tennessee,0.469,FALSE,FALSE
47,2014,Tennessee,0.427,FALSE,FALSE
47,2015,Tennessee,0.416,FALSE,FALSE
47,2016,Tennessee,0.469,FALSE,FALSE
48,1980,Texas,0.58,FALSE,FALSE
48,1981,Texas,0.586,FALSE,FALSE
48,1982,Texas,0.613,FALSE,FALSE
48,1983,Texas,0.586,FALSE,FALSE
48,1984,Texas,0.545,FALSE,FALSE
48,1985,Texas,0.506,FALSE,FALSE
48,1986,Texas,0.529,FALSE,FALSE
48,1987,Texas,0.516,FALSE,FALSE
48,1988,Texas,0.541,FALSE,FALSE
48,1989,Texas,0.555,FALSE,FALSE
48,1990,Texas,0.53,FALSE,FALSE
48,1991,Texas,0.514,FALSE,FALSE
48,1992,Texas,0.522,FALSE,FALSE
48,1993,Texas,0.563,FALSE,FALSE
48,1994,Texas,0.517,FALSE,FALSE
48,1995,Texas,0.488,FALSE,FALSE
48,1996,Texas,0.491,FALSE,FALSE
48,1997,Texas,0.494,FALSE,FALSE
48,1998,Texas,0.466,FALSE,FALSE
48,1999,Texas,0.421,FALSE,FALSE
48,2000,Texas,0.417,FALSE,FALSE
48,2001,Texas,0.377,FALSE,FALSE
48,2002,Texas,0.379,FALSE,FALSE
48,2003,Texas,0.362,FALSE,FALSE
48,2004,Texas,0.368,FALSE,FALSE
48,2005,Texas,0.376,FALSE,FALSE
48,2006,Texas,0.363,FALSE,FALSE
48,2007,Texas,0.392,FALSE,FALSE
48,2008,Texas,0.367,FALSE,FALSE
48,2009,Texas,0.357,FALSE,FALSE
48,2010,Texas,0.346,FALSE,FALSE
48,2011,Texas,0.378,FALSE,FALSE
48,2012,Texas,0.426,FALSE,FALSE
48,2013,Texas,0.364,FALSE,FALSE
48,2014,Texas,0.385,FALSE,FALSE
48,2015,Texas,0.336,FALSE,FALSE
48,2016,Texas,0.355,FALSE,FALSE
49,1980,Utah,0.53,FALSE,FALSE
49,1981,Utah,0.496,FALSE,FALSE
49,1982,Utah,0.551,FALSE,FALSE
49,1983,Utah,0.535,FALSE,FALSE
49,1984,Utah,0.581,FALSE,FALSE
49,1985,Utah,0.565,FALSE,FALSE
49,1986,Utah,0.531,FALSE,FALSE
49,1987,Utah,0.57,FALSE,FALSE
49,1988,Utah,0.56,FALSE,FALSE
49,1989,Utah,0.566,FALSE,FALSE
49,1990,Utah,0.551,FALSE,FALSE
49,1991,Utah,0.524,FALSE,FALSE
49,1992,Utah,0.489,FALSE,FALSE
49,1993,Utah,0.496,FALSE,FALSE
49,1994,Utah,0.479,FALSE,FALSE
49,1995,Utah,0.477,FALSE,FALSE
49,1996,Utah,0.481,FALSE,FALSE
49,1997,Utah,0.464,FALSE,FALSE
49,1998,Utah,0.47,FALSE,FALSE
49,1999,Utah,0.428,FALSE,FALSE
49,2000,Utah,0.505,FALSE,FALSE
49,2001,Utah,0.455,FALSE,FALSE
49,2002,Utah,0.467,FALSE,FALSE
49,2003,Utah,0.401,FALSE,FALSE
49,2004,Utah,0.442,FALSE,FALSE
49,2005,Utah,0.377,FALSE,FALSE
49,2006,Utah,0.378,FALSE,FALSE
49,2007,Utah,0.426,FALSE,FALSE
49,2008,Utah,0.355,FALSE,FALSE
49,2009,Utah,0.396,FALSE,FALSE
49,2010,Utah,0.416,FALSE,FALSE
49,2011,Utah,0.392,FALSE,FALSE
49,2012,Utah,0.423,FALSE,FALSE
49,2013,Utah,0.425,FALSE,FALSE
49,2014,Utah,0.349,FALSE,FALSE
49,2015,Utah,0.35,FALSE,FALSE
49,2016,Utah,0.397,FALSE,FALSE
50,1980,Vermont,0.521,FALSE,FALSE
50,1981,Vermont,0.483,FALSE,FALSE
50,1982,Vermont,0.621,FALSE,FALSE
50,1983,Vermont,0.466,FALSE,FALSE
50,1984,Vermont,0.564,FALSE,FALSE
50,1985,Vermont,0.519,FALSE,FALSE
50,1986,Vermont,0.562,FALSE,FALSE
50,1987,Vermont,0.569,FALSE,FALSE
50,1988,Vermont,0.587,FALSE,FALSE
50,1989,Vermont,0.615,FALSE,FALSE
50,1990,Vermont,0.552,FALSE,FALSE
50,1991,Vermont,0.6,FALSE,FALSE
50,1992,Vermont,0.601,FALSE,FALSE
50,1993,Vermont,0.594,FALSE,FALSE
50,1994,Vermont,0.563,FALSE,FALSE
50,1995,Vermont,0.561,FALSE,FALSE
50,1996,Vermont,0.521,FALSE,FALSE
50,1997,Vermont,0.46,FALSE,FALSE
50,1998,Vermont,0.504,FALSE,FALSE
50,1999,Vermont,0.551,FALSE,FALSE
50,2000,Vermont,0.47,FALSE,FALSE
50,2001,Vermont,0.43,FALSE,FALSE
50,2002,Vermont,0.441,FALSE,FALSE
50,2003,Vermont,0.427,FALSE,FALSE
50,2004,Vermont,0.442,FALSE,FALSE
50,2005,Vermont,0.403,FALSE,FALSE
50,2006,Vermont,0.441,FALSE,FALSE
50,2007,Vermont,0.43,FALSE,FALSE
50,2008,Vermont,0.4,FALSE,FALSE
50,2009,Vermont,0.498,FALSE,FALSE
50,2010,Vermont,0.484,FALSE,FALSE
50,2011,Vermont,0.472,FALSE,FALSE
50,2012,Vermont,0.482,FALSE,FALSE
50,2013,Vermont,0.483,FALSE,FALSE
50,2014,Vermont,0.437,FALSE,FALSE
50,2015,Vermont,0.43,FALSE,FALSE
50,2016,Vermont,0.503,FALSE,FALSE
51,1980,Virginia,0.558,FALSE,FALSE
51,1981,Virginia,0.522,FALSE,FALSE
51,1982,Virginia,0.538,FALSE,FALSE
51,1983,Virginia,0.487,FALSE,FALSE
51,1984,Virginia,0.519,FALSE,FALSE
51,1985,Virginia,0.508,FALSE,FALSE
51,1986,Virginia,0.505,FALSE,FALSE
51,1987,Virginia,0.493,FALSE,FALSE
51,1988,Virginia,0.523,FALSE,FALSE
51,1989,Virginia,0.537,FALSE,FALSE
51,1990,Virginia,0.517,FALSE,FALSE
51,1991,Virginia,0.549,FALSE,FALSE
51,1992,Virginia,0.553,FALSE,FALSE
51,1993,Virginia,0.466,FALSE,FALSE
51,1994,Virginia,0.5,FALSE,FALSE
51,1995,Virginia,0.515,FALSE,FALSE
51,1996,Virginia,0.49,FALSE,FALSE
51,1997,Virginia,0.463,FALSE,FALSE
51,1998,Virginia,0.448,FALSE,FALSE
51,1999,Virginia,0.431,FALSE,FALSE
51,2000,Virginia,0.418,FALSE,FALSE
51,2001,Virginia,0.362,FALSE,FALSE
51,2002,Virginia,0.386,FALSE,FALSE
51,2003,Virginia,0.358,FALSE,FALSE
51,2004,Virginia,0.384,FALSE,FALSE
51,2005,Virginia,0.408,FALSE,FALSE
51,2006,Virginia,0.373,FALSE,FALSE
51,2007,Virginia,0.367,FALSE,FALSE
51,2008,Virginia,0.372,FALSE,FALSE
51,2009,Virginia,0.359,FALSE,FALSE
51,2010,Virginia,0.363,FALSE,FALSE
51,2011,Virginia,0.413,FALSE,FALSE
51,2012,Virginia,0.397,FALSE,FALSE
51,2013,Virginia,0.37,FALSE,FALSE
51,2014,Virginia,0.362,FALSE,FALSE
51,2015,Virginia,0.345,FALSE,FALSE
51,2016,Virginia,0.353,FALSE,FALSE
53,1980,Washington,0.489,FALSE,FALSE
53,1981,Washington,0.529,FALSE,FALSE
53,1982,Washington,0.54,FALSE,FALSE
53,1983,Washington,0.498,FALSE,FALSE
53,1984,Washington,0.488,FALSE,FALSE
53,1985,Washington,0.495,FALSE,FALSE
53,1986,Washington,0.446,FALSE,FALSE
53,1987,Washington,0.472,FALSE,FALSE
53,1988,Washington,0.488,FALSE,FALSE
53,1989,Washington,0.511,FALSE,FALSE
53,1990,Washington,0.474,FALSE,FALSE
53,1991,Washington,0.456,FALSE,FALSE
53,1992,Washington,0.487,FALSE,FALSE
53,1993,Washington,0.492,FALSE,FALSE
53,1994,Washington,0.457,FALSE,FALSE
53,1995,Washington,0.503,FALSE,FALSE
53,1996,Washington,0.458,FALSE,FALSE
53,1997,Washington,0.427,FALSE,FALSE
53,1998,Washington,0.446,FALSE,FALSE
53,1999,Washington,0.396,FALSE,FALSE
53,2000,Washington,0.402,FALSE,FALSE
53,2001,Washington,0.341,FALSE,FALSE
53,2002,Washington,0.362,FALSE,FALSE
53,2003,Washington,0.383,FALSE,FALSE
53,2004,Washington,0.369,FALSE,FALSE
53,2005,Washington,0.364,FALSE,FALSE
53,2006,Washington,0.359,FALSE,FALSE
53,2007,Washington,0.361,FALSE,FALSE
53,2008,Washington,0.38,FALSE,FALSE
53,2009,Washington,0.366,FALSE,FALSE
53,2010,Washington,0.338,FALSE,FALSE
53,2011,Washington,0.335,FALSE,FALSE
53,2012,Washington,0.339,FALSE,FALSE
53,2013,Washington,0.344,FALSE,FALSE
53,2014,Washington,0.335,FALSE,FALSE
53,2015,Washington,0.318,TRUE,FALSE
53,2016,Washington,0.321,TRUE,FALSE
54,1980,West Virginia,0.632,TRUE,FALSE
54,1981,West Virginia,0.612,FALSE,FALSE
54,1982,West Virginia,0.595,FALSE,FALSE
54,1983,West Virginia,0.553,FALSE,FALSE
54,1984,West Virginia,0.651,FALSE,FALSE
54,1985,West Virginia,0.626,FALSE,FALSE
54,1986,West Virginia,0.601,FALSE,FALSE
54,1987,West Virginia,0.604,FALSE,FALSE
54,1988,West Virginia,0.605,FALSE,FALSE
54,1989,West Virginia,0.566,FALSE,FALSE
54,1990,West Virginia,0.558,FALSE,FALSE
54,1991,West Virginia,0.56,FALSE,FALSE
54,1992,West Virginia,0.632,FALSE,FALSE
54,1993,West Virginia,0.636,FALSE,FALSE
54,1994,West Virginia,0.589,FALSE,FALSE
54,1995,West Virginia,0.648,FALSE,FALSE
54,1996,West Virginia,0.589,FALSE,FALSE
54,1997,West Virginia,0.526,FALSE,FALSE
54,1998,West Virginia,0.538,FALSE,FALSE
54,1999,West Virginia,0.573,FALSE,FALSE
54,2000,West Virginia,0.541,FALSE,FALSE
54,2001,West Virginia,0.549,FALSE,FALSE
54,2002,West Virginia,0.58,FALSE,FALSE
54,2003,West Virginia,0.561,FALSE,FALSE
54,2004,West Virginia,0.556,FALSE,FALSE
54,2005,West Virginia,0.631,FALSE,FALSE
54,2006,West Virginia,0.56,FALSE,FALSE
54,2007,West Virginia,0.599,FALSE,FALSE
54,2008,West Virginia,0.575,FALSE,FALSE
54,2009,West Virginia,0.551,FALSE,FALSE
54,2010,West Virginia,0.572,FALSE,FALSE
54,2011,West Virginia,0.622,FALSE,FALSE
54,2012,West Virginia,0.571,FALSE,FALSE
54,2013,West Virginia,0.602,FALSE,FALSE
54,2014,West Virginia,0.547,FALSE,FALSE
54,2015,West Virginia,0.537,FALSE,FALSE
54,2016,West Virginia,0.6,FALSE,FALSE
55,1980,Wisconsin,0.483,FALSE,FALSE
55,1981,Wisconsin,0.423,FALSE,FALSE
55,1982,Wisconsin,0.445,FALSE,FALSE
55,1983,Wisconsin,0.43,FALSE,FALSE
55,1984,Wisconsin,0.479,FALSE,FALSE
55,1985,Wisconsin,0.471,FALSE,FALSE
55,1986,Wisconsin,0.445,FALSE,FALSE
55,1987,Wisconsin,0.469,FALSE,FALSE
55,1988,Wisconsin,0.46,FALSE,FALSE
55,1989,Wisconsin,0.496,FALSE,FALSE
55,1990,Wisconsin,0.502,FALSE,FALSE
55,1991,Wisconsin,0.485,FALSE,FALSE
55,1992,Wisconsin,0.467,FALSE,FALSE
55,1993,Wisconsin,0.516,FALSE,FALSE
55,1994,Wisconsin,0.495,FALSE,FALSE
55,1995,Wisconsin,0.466,FALSE,FALSE
55,1996,Wisconsin,0.475,FALSE,FALSE
55,1997,Wisconsin,0.418,FALSE,FALSE
55,1998,Wisconsin,0.549,FALSE,FALSE
55,1999,Wisconsin,0.434,FALSE,FALSE
55,2000,Wisconsin,0.466,FALSE,FALSE
55,2001,Wisconsin,0.431,FALSE,FALSE
55,2002,Wisconsin,0.422,FALSE,FALSE
55,2003,Wisconsin,0.445,FALSE,FALSE
55,2004,Wisconsin,0.416,FALSE,FALSE
55,2005,Wisconsin,0.41,FALSE,FALSE
55,2006,Wisconsin,0.425,FALSE,FALSE
55,2007,Wisconsin,0.414,FALSE,FALSE
55,2008,Wisconsin,0.421,FALSE,FALSE
55,2009,Wisconsin,0.432,FALSE,FALSE
55,2010,Wisconsin,0.431,FALSE,FALSE
55,2011,Wisconsin,0.414,FALSE,FALSE
55,2012,Wisconsin,0.44,FALSE,FALSE
55,2013,Wisconsin,0.448,FALSE,FALSE
55,2014,Wisconsin,0.434,FALSE,FALSE
55,2015,Wisconsin,0.434,FALSE,FALSE
55,2016,Wisconsin,0.471,FALSE,FALSE
56,1980,Wyoming,0.775,FALSE,FALSE
56,1981,Wyoming,0.8,FALSE,FALSE
56,1982,Wyoming,0.76,FALSE,FALSE
56,1983,Wyoming,0.733,FALSE,FALSE
56,1984,Wyoming,0.776,FALSE,FALSE
56,1985,Wyoming,0.743,FALSE,FALSE
56,1986,Wyoming,0.756,FALSE,FALSE
56,1987,Wyoming,0.737,FALSE,FALSE
56,1988,Wyoming,0.708,FALSE,FALSE
56,1989,Wyoming,0.766,FALSE,FALSE
56,1990,Wyoming,0.761,FALSE,FALSE
56,1991,Wyoming,0.713,FALSE,FALSE
56,1992,Wyoming,0.705,FALSE,FALSE
56,1993,Wyoming,0.698,FALSE,FALSE
56,1994,Wyoming,0.69,FALSE,FALSE
56,1995,Wyoming,0.685,FALSE,FALSE
56,1996,Wyoming,0.686,FALSE,FALSE
56,1997,Wyoming,0.63,FALSE,FALSE
56,1998,Wyoming,0.625,FALSE,FALSE
56,1999,Wyoming,0.58,FALSE,FALSE
56,2000,Wyoming,0.586,FALSE,FALSE
56,2001,Wyoming,0.606,FALSE,FALSE
56,2002,Wyoming,0.644,FALSE,FALSE
56,2003,Wyoming,0.596,FALSE,FALSE
56,2004,Wyoming,0.607,FALSE,FALSE
56,2005,Wyoming,0.592,FALSE,FALSE
56,2006,Wyoming,0.583,FALSE,FALSE
56,2007,Wyoming,0.621,FALSE,FALSE
56,2008,Wyoming,0.64,FALSE,FALSE
56,2009,Wyoming,0.615,FALSE,FALSE
56,2010,Wyoming,0.572,FALSE,FALSE
56,2011,Wyoming,0.539,FALSE,FALSE
56,2012,Wyoming,0.597,FALSE,FALSE
56,2013,Wyoming,0.613,FALSE,FALSE
56,2014,Wyoming,0.608,FALSE,FALSE
56,2015,Wyoming,0.549,FALSE,FALSE
56,2016,Wyoming,0.607,FALSE,FALSE
